task_id,arm,seed,epoch,train_loss,val_loss,curved_parent_mse,planar_parent_mse,edge_parent_mse,entropy_perplexity,coverage,unique_bins,lr,lr_after_scheduler,preclip_grad_norm,grad_clip_was_effective,train_batches,finite_train_batches,skipped_train_batches,val_batches,finite_val_batches,finite_val_samples,nonfinite_loss_batches,nonfinite_gradient_batches,nonfinite_state_batches,nonfinite_state_audits,nonfinite_val_batches,nonfinite_val_samples,training_state_finite,finite_state_audit_status
rvq_2x4096_64d_random:seed3,rvq_2x4096_64d_random,3,0,0.34978712,0.06048279,0.11087178225212854,0.05483851558696487,0.044430734560464515,638.4238592015683,0.4052734375,3320,0.0003,0.0003,14928503.0,True,469,469,0,94,94,12000,0,0,0,0,0,0,True,finite
rvq_2x4096_64d_random:seed3,rvq_2x4096_64d_random,3,1,0.12727625,0.02516539,0.053387069128175174,0.010651621906186412,0.023273375614947786,1109.0616977169364,0.5355224609375,4387,0.0003,0.0003,2.399878978729248,True,469,469,0,94,94,12000,0,0,0,0,0,0,True,finite
rvq_2x4096_64d_random:seed3,rvq_2x4096_64d_random,3,2,0.10133313,0.02232806,0.04758447308239488,0.009302751452964381,0.018078751062415476,1410.4060080305119,0.6219482421875,5095,0.0003,0.0003,2.1879751682281494,True,469,469,0,94,94,12000,0,0,0,0,0,0,True,finite
rvq_2x4096_64d_random:seed3,rvq_2x4096_64d_random,3,3,0.08260879,0.01644005,0.03723691963834976,0.006389193669777745,0.01241370302649167,1457.2224090525763,0.660888671875,5414,0.0003,0.0003,2.2248735427856445,True,469,469,0,94,94,12000,0,0,0,0,0,0,True,finite
rvq_2x4096_64d_random:seed3,rvq_2x4096_64d_random,3,4,0.05932126,0.01132618,0.025745298424112422,0.004985425481565835,0.008027661671538209,1573.6538115100495,0.686767578125,5626,0.0003,0.0003,1.2400240898132324,True,469,469,0,94,94,12000,0,0,0,0,0,0,True,finite
rvq_2x4096_64d_random:seed3,rvq_2x4096_64d_random,3,5,0.05021843,0.00881687,0.01963590238100998,0.00412068738223356,0.006348396904455458,1606.4510607345974,0.688232421875,5638,0.0003,0.0003,0.4221073091030121,False,469,469,0,94,94,12000,0,0,0,0,0,0,True,finite
rvq_2x4096_64d_random:seed3,rvq_2x4096_64d_random,3,6,0.04037243,0.00674189,0.01608673311921783,0.0028016811016089585,0.004406860039104279,1689.9517735077027,0.7100830078125,5817,0.0003,0.0003,1.4759215116500854,True,469,469,0,94,94,12000,0,0,0,0,0,0,True,finite
rvq_2x4096_64d_random:seed3,rvq_2x4096_64d_random,3,7,0.03066681,0.00621183,0.014039944243989853,0.0030036657290981607,0.0038643009598608126,1743.5735160148267,0.715576171875,5862,0.0003,0.0003,0.40863490104675293,False,469,469,0,94,94,12000,0,0,0,0,0,0,True,finite
rvq_2x4096_64d_random:seed3,rvq_2x4096_64d_random,3,8,0.02557403,0.00568397,0.013971149346890813,0.002726385437349969,0.0035067640074514833,1715.0746677450625,0.7122802734375,5835,0.0003,0.0003,0.22462500631809235,False,469,469,0,94,94,12000,0,0,0,0,0,0,True,finite
rvq_2x4096_64d_random:seed3,rvq_2x4096_64d_random,3,9,0.02626545,0.00461765,0.011880799511446223,0.0018631524606061987,0.002643302395821789,1797.6520045120749,0.7275390625,5960,0.0003,0.0003,0.18923117220401764,False,469,469,0,94,94,12000,0,0,0,0,0,0,True,finite
rvq_2x4096_64d_random:seed3,rvq_2x4096_64d_random,3,10,0.03364614,0.00415001,0.010182419198566857,0.0017217124646810552,0.00234556973276835,1690.0631862964758,0.693359375,5680,0.0003,0.0003,0.132028728723526,False,469,469,0,94,94,12000,0,0,0,0,0,0,True,finite
rvq_2x4096_64d_random:seed3,rvq_2x4096_64d_random,3,11,0.05657496,0.00418564,0.009580219309346877,0.001720541979449113,0.0024687187752221408,1443.8732799980485,0.636474609375,5214,0.0003,0.0003,0.15351322293281555,False,469,469,0,94,94,12000,0,0,0,0,0,0,True,finite
rvq_2x4096_64d_random:seed3,rvq_2x4096_64d_random,3,12,0.02649246,0.00377576,0.00917381192673229,0.0017386334732387505,0.002025515688740152,1720.5599564273787,0.7091064453125,5809,0.0003,0.0003,0.1439642459154129,False,469,469,0,94,94,12000,0,0,0,0,0,0,True,finite
rvq_2x4096_64d_random:seed3,rvq_2x4096_64d_random,3,13,0.01412849,0.00315224,0.00783453197004806,0.0011413871339549673,0.0017196775787302074,1868.0973084845393,0.7308349609375,5987,0.0003,0.0003,0.10458863526582718,False,469,469,0,94,94,12000,0,0,0,0,0,0,True,finite
rvq_2x4096_64d_random:seed3,rvq_2x4096_64d_random,3,14,0.00922315,0.00300394,0.0071739093596549655,0.0011995277457602092,0.0016869523067485988,1909.4475357253204,0.7440185546875,6095,0.0003,0.0003,0.10575708746910095,False,469,469,0,94,94,12000,0,0,0,0,0,0,True,finite
rvq_2x4096_64d_random:seed3,rvq_2x4096_64d_random,3,15,0.00724763,0.00287151,0.006941472658905223,0.0012130096773083994,0.0014758405079955139,1998.8028230196442,0.7476806640625,6125,0.0003,0.0003,0.10617071390151978,False,469,469,0,94,94,12000,0,0,0,0,0,0,True,finite
rvq_2x4096_64d_random:seed3,rvq_2x4096_64d_random,3,16,0.00592744,0.00250569,0.006266373428169461,0.0009786129571009055,0.0012850405784807432,2040.068621623204,0.75732421875,6204,0.0003,0.0003,0.09937869757413864,False,469,469,0,94,94,12000,0,0,0,0,0,0,True,finite
rvq_2x4096_64d_random:seed3,rvq_2x4096_64d_random,3,17,0.00485659,0.00238132,0.005944796618413543,0.000911946493680657,0.0012216892562002051,2020.9453989313572,0.751220703125,6154,0.0003,0.0003,0.08779483288526535,False,469,469,0,94,94,12000,0,0,0,0,0,0,True,finite
rvq_2x4096_64d_random:seed3,rvq_2x4096_64d_random,3,18,0.00439351,0.00244765,0.005933535982595933,0.0010076550088442804,0.0012980521740393075,2029.6716337049722,0.7584228515625,6213,0.0003,0.0003,0.10042774677276611,False,469,469,0,94,94,12000,0,0,0,0,0,0,True,finite
rvq_2x4096_64d_random:seed3,rvq_2x4096_64d_random,3,19,0.00390009,0.00232478,0.005704264914212335,0.0009278486488194411,0.001221208153310772,1934.4676822576246,0.7457275390625,6109,0.0003,0.0003,0.09150493890047073,False,469,469,0,94,94,12000,0,0,0,0,0,0,True,finite
rvq_2x4096_64d_random:seed3,rvq_2x4096_64d_random,3,20,0.00363778,0.0022132,0.005679501705998351,0.0008938735991187271,0.0010989762749916202,1849.509120295447,0.7216796875,5912,0.0003,0.0003,0.0863175243139267,False,469,469,0,94,94,12000,0,0,0,0,0,0,True,finite
rvq_2x4096_64d_random:seed3,rvq_2x4096_64d_random,3,21,0.00314848,0.00211969,0.005101717905493583,0.0008304793861524367,0.001040885895160593,1931.4964966351413,0.716552734375,5870,0.0003,0.0003,0.07968758791685104,False,469,469,0,94,94,12000,0,0,0,0,0,0,True,finite
rvq_2x4096_64d_random:seed3,rvq_2x4096_64d_random,3,22,0.00299957,0.0021183,0.005147479794951248,0.0007961412876794694,0.0011091955871899862,1807.5171619177668,0.6962890625,5704,0.0003,0.0003,0.09434177726507187,False,469,469,0,94,94,12000,0,0,0,0,0,0,True,finite
rvq_2x4096_64d_random:seed3,rvq_2x4096_64d_random,3,23,0.00266896,0.00199697,0.0049307478715772506,0.0008626643344531804,0.0009956219303211952,1791.7123967579396,0.689453125,5648,0.0003,0.0003,0.07423414289951324,False,469,469,0,94,94,12000,0,0,0,0,0,0,True,finite
rvq_2x4096_64d_random:seed3,rvq_2x4096_64d_random,3,24,0.00256601,0.00213669,0.005294692617693841,0.0008510511614101159,0.0011358909137796085,1879.1186597935277,0.7152099609375,5859,0.0003,0.0003,0.0870845764875412,False,469,469,0,94,94,12000,0,0,0,0,0,0,True,finite
rvq_2x4096_64d_random:seed3,rvq_2x4096_64d_random,3,25,0.00237789,0.00200632,0.004624396207867252,0.0007327838134736635,0.0011097242439682712,1822.3178379950905,0.681396484375,5582,0.0003,0.0003,0.08415906131267548,False,469,469,0,94,94,12000,0,0,0,0,0,0,True,finite
rvq_2x4096_64d_random:seed3,rvq_2x4096_64d_random,3,26,0.00234176,0.00175472,0.00443093089324011,0.0006026796092111187,0.000896867094740025,1713.7029327443222,0.677490234375,5550,0.0003,0.0003,0.08022672683000565,False,469,469,0,94,94,12000,0,0,0,0,0,0,True,finite
rvq_2x4096_64d_random:seed3,rvq_2x4096_64d_random,3,27,0.00219642,0.00170963,0.004100915295057234,0.0006443094682874863,0.0008890419559103436,1766.9263169284777,0.6787109375,5560,0.0003,0.0003,0.0836503729224205,False,469,469,0,94,94,12000,0,0,0,0,0,0,True,finite
rvq_2x4096_64d_random:seed3,rvq_2x4096_64d_random,3,28,0.00201909,0.0018539,0.004324165005458151,0.0007932077316989062,0.0009957479271109667,1792.698289973219,0.6768798828125,5545,0.0003,0.0003,0.07449434697628021,False,469,469,0,94,94,12000,0,0,0,0,0,0,True,finite
rvq_2x4096_64d_random:seed3,rvq_2x4096_64d_random,3,29,0.00202511,0.00188897,0.004553286626322868,0.0008415508667383634,0.0010422480404432125,1833.6532483793906,0.6876220703125,5633,0.0003,0.0003,0.07795669138431549,False,469,469,0,94,94,12000,0,0,0,0,0,0,True,finite
rvq_2x4096_64d_random:seed3,rvq_2x4096_64d_random,3,30,0.00204743,0.00189351,0.00441808382147376,0.0008716806295022086,0.0009297666725230601,1771.309891313471,0.6842041015625,5605,0.0003,0.0003,0.07785201072692871,False,469,469,0,94,94,12000,0,0,0,0,0,0,True,finite
rvq_2x4096_64d_random:seed3,rvq_2x4096_64d_random,3,31,0.00189043,0.00159185,0.0039038473119362115,0.0004943694633315302,0.0007989517246732706,1852.4448858891965,0.707275390625,5794,0.0003,0.0003,0.0705321729183197,False,469,469,0,94,94,12000,0,0,0,0,0,0,True,finite
rvq_2x4096_64d_random:seed3,rvq_2x4096_64d_random,3,32,0.00185039,0.0015623,0.0038563534141647605,0.000568213899006155,0.000732367051110639,1785.0595923012418,0.699951171875,5734,0.0003,0.0003,0.0770530179142952,False,469,469,0,94,94,12000,0,0,0,0,0,0,True,finite
rvq_2x4096_64d_random:seed3,rvq_2x4096_64d_random,3,33,0.0017725,0.00150337,0.00377181560571787,0.00047534585070627236,0.0007242099091630426,1790.399369988986,0.7030029296875,5759,0.0003,0.0003,0.07798440754413605,False,469,469,0,94,94,12000,0,0,0,0,0,0,True,finite
rvq_2x4096_64d_random:seed3,rvq_2x4096_64d_random,3,34,0.00179563,0.00159402,0.003797126372660846,0.0006009817123691716,0.0007583099449698672,1831.1337504677958,0.70556640625,5780,0.0003,0.0003,0.06336460262537003,False,469,469,0,94,94,12000,0,0,0,0,0,0,True,finite
rvq_2x4096_64d_random:seed3,rvq_2x4096_64d_random,3,35,0.00182971,0.00162187,0.0038765522991343615,0.0006025571454085816,0.0008351032825526402,1870.6980359416555,0.73193359375,5996,0.0003,0.0003,0.09283085912466049,False,469,469,0,94,94,12000,0,0,0,0,0,0,True,finite
rvq_2x4096_64d_random:seed3,rvq_2x4096_64d_random,3,36,0.00162587,0.00155084,0.003659831321371084,0.0005497673901110626,0.0007890529207118495,1913.7007590459425,0.722900390625,5922,0.0003,0.0003,0.07358472794294357,False,469,469,0,94,94,12000,0,0,0,0,0,0,True,finite
rvq_2x4096_64d_random:seed3,rvq_2x4096_64d_random,3,37,0.0016528,0.00150029,0.003520234766515869,0.0005056667315583708,0.0007344749476030941,1935.9839384585102,0.71875,5888,0.0003,0.0003,0.09924517571926117,False,469,469,0,94,94,12000,0,0,0,0,0,0,True,finite
rvq_2x4096_64d_random:seed3,rvq_2x4096_64d_random,3,38,0.00171603,0.00159828,0.0036908435450928615,0.0005322591062515464,0.0008610143029268112,1911.9104781809478,0.72216796875,5916,0.0003,0.0003,0.07045231014490128,False,469,469,0,94,94,12000,0,0,0,0,0,0,True,finite
rvq_2x4096_64d_random:seed3,rvq_2x4096_64d_random,3,39,0.0018028,0.00148101,0.0035971501612421706,0.0004992136941656633,0.0007970825641637759,1897.1903359566893,0.728271484375,5966,0.0003,0.0003,0.07706504315137863,False,469,469,0,94,94,12000,0,0,0,0,0,0,True,finite
rvq_2x4096_64d_random:seed3,rvq_2x4096_64d_random,3,40,0.00157802,0.00130346,0.0031121467523532497,0.0003714727086086577,0.000629389745416069,1924.2118497881322,0.731689453125,5994,0.0003,0.0003,0.06444133073091507,False,469,469,0,94,94,12000,0,0,0,0,0,0,True,finite
rvq_2x4096_64d_random:seed3,rvq_2x4096_64d_random,3,41,0.00148682,0.00149603,0.0034403455778908403,0.0005300581680677805,0.0007797730541169078,2058.330718186719,0.7567138671875,6199,0.0003,0.0003,0.06990523636341095,False,469,469,0,94,94,12000,0,0,0,0,0,0,True,finite
rvq_2x4096_64d_random:seed3,rvq_2x4096_64d_random,3,42,0.00153837,0.00158339,0.0036729657630338933,0.000575632714321029,0.0008361289198536476,2010.3842038480177,0.7515869140625,6157,0.0003,0.0003,0.06161503493785858,False,469,469,0,94,94,12000,0,0,0,0,0,0,True,finite
rvq_2x4096_64d_random:seed3,rvq_2x4096_64d_random,3,43,0.00148503,0.00146515,0.0035443930650635837,0.0005424095159487391,0.0006816056476932376,2022.8907102429307,0.74853515625,6132,0.0003,0.0003,0.06513451784849167,False,469,469,0,94,94,12000,0,0,0,0,0,0,True,finite
rvq_2x4096_64d_random:seed3,rvq_2x4096_64d_random,3,44,0.00143661,0.00143201,0.0035204548303142224,0.0004262076245874105,0.0007265339741524468,1773.4283466358415,0.7373046875,6040,0.0003,0.0003,0.07219188660383224,False,469,469,0,94,94,12000,0,0,0,0,0,0,True,finite
rvq_2x4096_64d_random:seed3,rvq_2x4096_64d_random,3,45,0.00143168,0.00125324,0.0029518682655677404,0.00037254021671619163,0.0006168277549819437,2037.7284910071146,0.7615966796875,6239,0.0003,0.0003,0.07205568253993988,False,469,469,0,94,94,12000,0,0,0,0,0,0,True,finite
rvq_2x4096_64d_random:seed3,rvq_2x4096_64d_random,3,46,0.00148731,0.00128941,0.0030536284392945977,0.0003501186139487017,0.0006384624284072445,2078.0494206341054,0.7554931640625,6189,0.0003,0.0003,0.06550762802362442,False,469,469,0,94,94,12000,0,0,0,0,0,0,True,finite
rvq_2x4096_64d_random:seed3,rvq_2x4096_64d_random,3,47,0.00137309,0.00127969,0.003089072426958439,0.00039966967954737585,0.0005914973771816461,1967.1337264602444,0.760986328125,6234,0.0003,0.0003,0.41175469756126404,False,469,469,0,94,94,12000,0,0,0,0,0,0,True,finite
rvq_2x4096_64d_random:seed3,rvq_2x4096_64d_random,3,48,0.00138599,0.00136956,0.003120809658821762,0.0004816155768927726,0.000652206841764553,2085.348913229676,0.763671875,6256,0.0003,0.0003,0.05674152448773384,False,469,469,0,94,94,12000,0,0,0,0,0,0,True,finite
rvq_2x4096_64d_random:seed3,rvq_2x4096_64d_random,3,49,0.0013435,0.00126389,0.002959351845067758,0.0004441233329007659,0.0006094854518996877,2038.0845847067355,0.7691650390625,6301,0.0003,0.0003,0.08254588395357132,False,469,469,0,94,94,12000,0,0,0,0,0,0,True,finite
rvq_2x4096_64d_random:seed3,rvq_2x4096_64d_random,3,50,0.00130037,0.00133022,0.0031112409304467183,0.0004684007268099848,0.0006022932475882344,2076.2513033069185,0.7689208984375,6299,0.0003,0.0003,0.050086285918951035,False,469,469,0,94,94,12000,0,0,0,0,0,0,True,finite
rvq_2x4096_64d_random:seed3,rvq_2x4096_64d_random,3,51,0.0012764,0.00150792,0.003375445259644012,0.0005586889332294286,0.0007988758649138329,2024.6406774196655,0.753173828125,6170,0.0003,0.0003,0.08552464842796326,False,469,469,0,94,94,12000,0,0,0,0,0,0,True,finite
rvq_2x4096_64d_random:seed3,rvq_2x4096_64d_random,3,52,0.00125549,0.00152696,0.003462016704467595,0.0005387951727708921,0.0008142199331164085,2125.9292517778663,0.7840576171875,6423,0.0003,0.0003,0.06952328979969025,False,469,469,0,94,94,12000,0,0,0,0,0,0,True,finite
rvq_2x4096_64d_random:seed3,rvq_2x4096_64d_random,3,53,0.00164861,0.00132804,0.003286963270627368,0.00036676453771969223,0.0006239415045121098,2146.262330908494,0.7713623046875,6319,0.0003,0.0003,0.07429545372724533,False,469,469,0,94,94,12000,0,0,0,0,0,0,True,finite
rvq_2x4096_64d_random:seed3,rvq_2x4096_64d_random,3,54,0.00118584,0.00115068,0.0028229153429806106,0.00028310909060984556,0.0005117873631235258,2230.0715895101034,0.815673828125,6682,0.0003,0.0003,0.04843544960021973,False,469,469,0,94,94,12000,0,0,0,0,0,0,True,finite
rvq_2x4096_64d_random:seed3,rvq_2x4096_64d_random,3,55,0.00113035,0.00115951,0.002668329710957453,0.0003379181519916392,0.0005328620883425456,2241.355095797617,0.7891845703125,6465,0.0003,0.0003,0.048517532646656036,False,469,469,0,94,94,12000,0,0,0,0,0,0,True,finite
rvq_2x4096_64d_random:seed3,rvq_2x4096_64d_random,3,56,0.00108494,0.00124067,0.0029464762748716107,0.0003861365227306583,0.0005736332243085174,2276.7383704558997,0.8050537109375,6595,0.0003,0.0003,0.06393363326787949,False,469,469,0,94,94,12000,0,0,0,0,0,0,True,finite
rvq_2x4096_64d_random:seed3,rvq_2x4096_64d_random,3,57,0.0011078,0.0011542,0.0026911250753847344,0.00030193521619531553,0.0005306508686222154,2218.3629357651253,0.7862548828125,6441,0.0003,0.0003,0.054882876574993134,False,469,469,0,94,94,12000,0,0,0,0,0,0,True,finite
rvq_2x4096_64d_random:seed3,rvq_2x4096_64d_random,3,58,0.00132002,0.00150424,0.0036606632611626165,0.000505005074380537,0.000729407659345661,2087.3727639980107,0.7569580078125,6201,0.0003,0.0003,0.06671780347824097,False,469,469,0,94,94,12000,0,0,0,0,0,0,True,finite
rvq_2x4096_64d_random:seed3,rvq_2x4096_64d_random,3,59,0.0013627,0.00117113,0.0027477977258850146,0.0003589583610033423,0.0005417109554530677,2475.8283516677675,0.8319091796875,6815,0.0003,0.0003,0.06192060932517052,False,469,469,0,94,94,12000,0,0,0,0,0,0,True,finite
rvq_2x4096_64d_random:seed3,rvq_2x4096_64d_random,3,60,0.00112904,0.00150084,0.0035653137182528583,0.0005167967931113298,0.0007290971534523883,2412.2002740248226,0.836669921875,6854,0.0003,0.0003,0.06501194834709167,False,469,469,0,94,94,12000,0,0,0,0,0,0,True,finite
rvq_2x4096_64d_random:seed3,rvq_2x4096_64d_random,3,61,0.00133219,0.00129334,0.002958514611843886,0.0003667881404994109,0.0006338519446029069,2216.5553603028557,0.7974853515625,6533,0.0003,0.0003,0.06091272830963135,False,469,469,0,94,94,12000,0,0,0,0,0,0,True,finite
rvq_2x4096_64d_random:seed3,rvq_2x4096_64d_random,3,62,0.0010609,0.00111225,0.0026302608728705113,0.00026181972156163406,0.0005105581364113776,2364.542368417213,0.82373046875,6748,0.0003,0.0003,0.04970043525099754,False,469,469,0,94,94,12000,0,0,0,0,0,0,True,finite
rvq_2x4096_64d_random:seed3,rvq_2x4096_64d_random,3,63,0.00110743,0.00119435,0.002875881312531604,0.0003340009621056607,0.0005689476692525269,2280.797904599761,0.7886962890625,6461,0.0003,0.0003,0.06108880043029785,False,469,469,0,94,94,12000,0,0,0,0,0,0,True,finite
rvq_2x4096_64d_random:seed3,rvq_2x4096_64d_random,3,64,0.00115476,0.00110188,0.002646696144409016,0.00025061401921840006,0.0004960853575596046,2388.956772098435,0.7972412109375,6531,0.0003,0.0003,0.061479926109313965,False,469,469,0,94,94,12000,0,0,0,0,0,0,True,finite
rvq_2x4096_64d_random:seed3,rvq_2x4096_64d_random,3,65,0.00096566,0.00120303,0.002774019781538493,0.00030596741380177093,0.0005683215374010641,2352.7383810374495,0.815673828125,6682,0.0003,0.0003,0.043993111699819565,False,469,469,0,94,94,12000,0,0,0,0,0,0,True,finite
rvq_2x4096_64d_random:seed3,rvq_2x4096_64d_random,3,66,0.00099043,0.0010804,0.002572304272381973,0.00026886166847653434,0.0004766217683014992,2409.4132080337495,0.819580078125,6714,0.0003,0.0003,0.04874548688530922,False,469,469,0,94,94,12000,0,0,0,0,0,0,True,finite
rvq_2x4096_64d_random:seed3,rvq_2x4096_64d_random,3,67,0.00103664,0.00111626,0.0025805853192578925,0.0003612415964816617,0.0005140528273851764,2366.2997532614095,0.811767578125,6650,0.0003,0.0003,0.05601635202765465,False,469,469,0,94,94,12000,0,0,0,0,0,0,True,finite
rvq_2x4096_64d_random:seed3,rvq_2x4096_64d_random,3,68,0.001034,0.00155553,0.0037200341161544004,0.00063140699554689,0.0007219186653931597,2454.381434537604,0.823486328125,6746,0.0003,0.0003,0.04715845361351967,False,469,469,0,94,94,12000,0,0,0,0,0,0,True,finite
rvq_2x4096_64d_random:seed3,rvq_2x4096_64d_random,3,69,0.00107617,0.00106181,0.0026364250941273534,0.00026022479776233875,0.00047244310893869765,2672.9437027018143,0.8572998046875,7023,0.0003,0.0003,0.05579796060919762,False,469,469,0,94,94,12000,0,0,0,0,0,0,True,finite
rvq_2x4096_64d_random:seed3,rvq_2x4096_64d_random,3,70,0.00095905,0.00113299,0.0026334756587727197,0.0003105690802821013,0.0005356876212494783,2449.1146293342154,0.8380126953125,6865,0.0003,0.0003,0.04489951953291893,False,469,469,0,94,94,12000,0,0,0,0,0,0,True,finite
rvq_2x4096_64d_random:seed3,rvq_2x4096_64d_random,3,71,0.00089183,0.00107412,0.0024869520281729346,0.0002686708147268833,0.0004889865726108332,2352.5121803082775,0.816162109375,6686,0.0003,0.0003,0.04190561920404434,False,469,469,0,94,94,12000,0,0,0,0,0,0,True,finite
rvq_2x4096_64d_random:seed3,rvq_2x4096_64d_random,3,72,0.00084121,0.00110014,0.002527584665822171,0.00031977809833834506,0.000518574352441132,2259.424201582884,0.7958984375,6520,0.0003,0.0003,0.04702417179942131,False,469,469,0,94,94,12000,0,0,0,0,0,0,True,finite
rvq_2x4096_64d_random:seed3,rvq_2x4096_64d_random,3,73,0.00087593,0.00108275,0.002494191164305294,0.0003045581405416521,0.0004925671845660893,2301.046352471762,0.801513671875,6566,0.0003,0.0003,0.0480060875415802,False,469,469,0,94,94,12000,0,0,0,0,0,0,True,finite
rvq_2x4096_64d_random:seed3,rvq_2x4096_64d_random,3,74,0.00093576,0.00107331,0.002519322725546647,0.0002877201135099366,0.00046984065327538205,2263.7366948891786,0.7861328125,6440,0.0003,0.0003,0.05690348893404007,False,469,469,0,94,94,12000,0,0,0,0,0,0,True,finite
rvq_2x4096_64d_random:seed3,rvq_2x4096_64d_random,3,75,0.00108336,0.00106676,0.002562970386737245,0.0003002403565614948,0.0004595644995491543,2488.9882771484995,0.8282470703125,6785,0.0003,0.0003,0.06346192955970764,False,469,469,0,94,94,12000,0,0,0,0,0,0,True,finite
rvq_2x4096_64d_random:seed3,rvq_2x4096_64d_random,3,76,0.00099369,0.00118559,0.0027414427084095487,0.0003423313313294493,0.0005847187096981295,2349.337896819605,0.8099365234375,6635,0.0003,0.0003,0.05016716197133064,False,469,469,0,94,94,12000,0,0,0,0,0,0,True,finite
rvq_2x4096_64d_random:seed3,rvq_2x4096_64d_random,3,77,0.00092018,0.00105773,0.0024506364644615174,0.0002673755519510362,0.00047893698188831974,2467.947380176364,0.822021484375,6734,0.0003,0.0003,0.05598711967468262,False,469,469,0,94,94,12000,0,0,0,0,0,0,True,finite
rvq_2x4096_64d_random:seed3,rvq_2x4096_64d_random,3,78,0.0008981,0.00113417,0.0026336763682433617,0.00034255924105539324,0.0005277991926771634,2493.3799579698243,0.840087890625,6882,0.0003,0.0003,0.07977330684661865,False,469,469,0,94,94,12000,0,0,0,0,0,0,True,finite
rvq_2x4096_64d_random:seed3,rvq_2x4096_64d_random,3,79,0.00090799,0.00107344,0.0025705640304687434,0.00023549471666681765,0.0004910879103957967,2587.4957254981978,0.838134765625,6866,0.0003,0.0003,0.04634718596935272,False,469,469,0,94,94,12000,0,0,0,0,0,0,True,finite
rvq_2x4096_64d_random:seed3,rvq_2x4096_64d_random,3,80,0.00120058,0.00116495,0.002697035227252303,0.00034429437181878456,0.00055252751443327,2364.753702537323,0.823486328125,6746,0.0003,0.0003,0.07040025293827057,False,469,469,0,94,94,12000,0,0,0,0,0,0,True,finite
rvq_2x4096_64d_random:seed3,rvq_2x4096_64d_random,3,81,0.00089666,0.00099541,0.0024638149009312076,0.00022787786655003374,0.0004395701097436732,2457.922467934811,0.82958984375,6796,0.0003,0.0003,0.04044896364212036,False,469,469,0,94,94,12000,0,0,0,0,0,0,True,finite
rvq_2x4096_64d_random:seed3,rvq_2x4096_64d_random,3,82,0.0009333,0.00101865,0.0024547541914909684,0.00022011995829739368,0.00044736392421816906,2523.3251714604103,0.82421875,6752,0.0003,0.0003,0.04447689279913902,False,469,469,0,94,94,12000,0,0,0,0,0,0,True,finite
rvq_2x4096_64d_random:seed3,rvq_2x4096_64d_random,3,83,0.00083941,0.00114073,0.0025309332375013974,0.0003351151701382877,0.0005311359948347525,2485.248065610377,0.838134765625,6866,0.0003,0.0003,0.04532301425933838,False,469,469,0,94,94,12000,0,0,0,0,0,0,True,finite
rvq_2x4096_64d_random:seed3,rvq_2x4096_64d_random,3,84,0.00087595,0.00115655,0.0026703549761927636,0.0003380898958896187,0.000524057452217178,2345.711859952729,0.7987060546875,6543,0.0003,0.0003,0.07530562579631805,False,469,469,0,94,94,12000,0,0,0,0,0,0,True,finite
rvq_2x4096_64d_random:seed3,rvq_2x4096_64d_random,3,85,0.00096291,0.00118425,0.002801454285251267,0.0003408517950330052,0.0005596090604131254,2341.597224967966,0.798095703125,6538,0.0003,0.0003,0.08175341784954071,False,469,469,0,94,94,12000,0,0,0,0,0,0,True,finite
rvq_2x4096_64d_random:seed3,rvq_2x4096_64d_random,3,86,0.00087124,0.00107664,0.0024681559160657012,0.00028045250765578085,0.0004966348611132455,2615.285527121796,0.837158203125,6858,0.0003,0.00015,0.05446276813745499,False,469,469,0,94,94,12000,0,0,0,0,0,0,True,finite
rvq_2x4096_64d_random:seed3,rvq_2x4096_64d_random,3,87,0.00065079,0.00094633,0.002451129657574673,0.0001951753448617231,0.00037077663393779675,2663.125692672276,0.8572998046875,7023,0.00015,0.00015,0.044508565217256546,False,469,469,0,94,94,12000,0,0,0,0,0,0,True,finite
rvq_2x4096_64d_random:seed3,rvq_2x4096_64d_random,3,88,0.00067436,0.00097157,0.0023596375594838207,0.00019608130776657646,0.00040377444619220696,2469.4884169754478,0.8291015625,6792,0.00015,0.00015,0.11002782732248306,False,469,469,0,94,94,12000,0,0,0,0,0,0,True,finite
rvq_2x4096_64d_random:seed3,rvq_2x4096_64d_random,3,89,0.00063176,0.00088314,0.0021094023500976395,0.00017771505362090362,0.00036789017922654653,2643.827100778139,0.8585205078125,7033,0.00015,0.00015,0.06287211924791336,False,469,469,0,94,94,12000,0,0,0,0,0,0,True,finite
rvq_2x4096_64d_random:seed3,rvq_2x4096_64d_random,3,90,0.00056845,0.00100356,0.0023228670941130526,0.00023973305956502132,0.0004450284121417407,2505.2157406565475,0.8389892578125,6873,0.00015,0.00015,0.038670048117637634,False,469,469,0,94,94,12000,0,0,0,0,0,0,True,finite
rvq_2x4096_64d_random:seed3,rvq_2x4096_64d_random,3,91,0.00065278,0.00103351,0.0024802131610698777,0.00024547390198108413,0.00043740901266676595,2324.0984089915983,0.8134765625,6664,0.00015,0.00015,0.05833258107304573,False,469,469,0,94,94,12000,0,0,0,0,0,0,True,finite
rvq_2x4096_64d_random:seed3,rvq_2x4096_64d_random,3,92,0.00067435,0.0009747,0.0022236910607136336,0.0002730742599676437,0.0004223375180855083,2407.9359183254705,0.819091796875,6710,0.00015,0.00015,0.07982862740755081,False,469,469,0,94,94,12000,0,0,0,0,0,0,True,finite
rvq_2x4096_64d_random:seed3,rvq_2x4096_64d_random,3,93,0.00056394,0.00088415,0.002118513289630028,0.0001888998005488132,0.00036077797499347106,2439.378433917871,0.8270263671875,6775,0.00015,0.00015,0.04372244328260422,False,469,469,0,94,94,12000,0,0,0,0,0,0,True,finite
rvq_2x4096_64d_random:seed3,rvq_2x4096_64d_random,3,94,0.0005314,0.00090725,0.0021889704861471613,0.00016877653577864574,0.00037710380569127997,2385.3876456276516,0.801513671875,6566,0.00015,0.00015,0.03019016981124878,False,469,469,0,94,94,12000,0,0,0,0,0,0,True,finite
rvq_2x4096_64d_random:seed3,rvq_2x4096_64d_random,3,95,0.0005232,0.00088884,0.002194903614352811,0.00016053281043755145,0.00034594121757222407,2400.469119179899,0.79541015625,6516,0.00015,0.00015,0.02542225271463394,False,469,469,0,94,94,12000,0,0,0,0,0,0,True,finite
rvq_2x4096_64d_random:seed3,rvq_2x4096_64d_random,3,96,0.00052449,0.00091761,0.0021324868551799237,0.0001773340201167415,0.0003801114764861841,2275.3706671732934,0.7938232421875,6503,0.00015,0.00015,0.025607120245695114,False,469,469,0,94,94,12000,0,0,0,0,0,0,True,finite
rvq_2x4096_64d_random:seed3,rvq_2x4096_64d_random,3,97,0.00055083,0.00090079,0.002157413368428081,0.00017884169678281813,0.00036639808039695866,2276.120024059819,0.79443359375,6508,0.00015,0.00015,0.03719900920987129,False,469,469,0,94,94,12000,0,0,0,0,0,0,True,finite
rvq_2x4096_64d_random:seed3,rvq_2x4096_64d_random,3,98,0.00050555,0.00092897,0.0021842274592208375,0.0001362876135369408,0.0003892074630673263,2356.3511566056713,0.784912109375,6430,0.00015,7.5e-05,0.02481137588620186,False,469,469,0,94,94,12000,0,0,0,0,0,0,True,finite
rvq_2x4096_64d_random:seed3,rvq_2x4096_64d_random,3,99,0.00044392,0.00083757,0.0019984546615704262,0.00013390873894923166,0.00032333931498747264,2455.261738598141,0.8251953125,6760,7.5e-05,7.5e-05,0.022977640852332115,False,469,469,0,94,94,12000,0,0,0,0,0,0,True,finite
rvq_2x4096_64d_random:seed4,rvq_2x4096_64d_random,4,0,1.2320914,0.14309448,0.18505069145176106,0.13643894814309304,0.13310234811816718,135.98418819384773,0.0989990234375,811,0.0003,0.0003,19248954.0,True,469,469,0,94,94,12000,0,0,0,0,0,0,True,finite
rvq_2x4096_64d_random:seed4,rvq_2x4096_64d_random,4,1,2.12640566,0.083964,0.1278226905317873,0.06441515520960019,0.07797359334182227,307.32477540880626,0.290771484375,2382,0.0003,0.0003,2.7245826721191406,True,469,469,0,94,94,12000,0,0,0,0,0,0,True,finite
rvq_2x4096_64d_random:seed4,rvq_2x4096_64d_random,4,2,1.06071414,0.04470517,0.0808008378446804,0.026097317246130625,0.042655985644083995,947.0071102425844,0.5191650390625,4253,0.0003,0.0003,2.2358405590057373,True,469,469,0,94,94,12000,0,0,0,0,0,0,True,finite
rvq_2x4096_64d_random:seed4,rvq_2x4096_64d_random,4,3,0.56616046,0.03800501,0.0710162648669136,0.019507978170461876,0.033018549531989745,1008.635027932876,0.5574951171875,4567,0.0003,0.0003,5.4488115310668945,True,469,469,0,94,94,12000,0,0,0,0,0,0,True,finite
rvq_2x4096_64d_random:seed4,rvq_2x4096_64d_random,4,4,0.27082466,0.02774836,0.05085019920591377,0.0103430738502848,0.027345262912985363,1170.7040387025206,0.6060791015625,4965,0.0003,0.0003,4.340479373931885,True,469,469,0,94,94,12000,0,0,0,0,0,0,True,finite
rvq_2x4096_64d_random:seed4,rvq_2x4096_64d_random,4,5,0.15396723,0.02287905,0.041142069184681794,0.00871228553443309,0.022624417318692892,1341.1961394847629,0.65966796875,5404,0.0003,0.0003,2.039323329925537,True,469,469,0,94,94,12000,0,0,0,0,0,0,True,finite
rvq_2x4096_64d_random:seed4,rvq_2x4096_64d_random,4,6,0.09669955,0.01536089,0.02679698692457859,0.005871927403867693,0.014804189259526469,1467.1552894560368,0.668212890625,5474,0.0003,0.0003,2.213083028793335,True,469,469,0,94,94,12000,0,0,0,0,0,0,True,finite
rvq_2x4096_64d_random:seed4,rvq_2x4096_64d_random,4,7,0.06130824,0.01331804,0.023838423479540856,0.004600777404235607,0.012800665549341398,1662.1832302173557,0.692626953125,5674,0.0003,0.0003,1.6931500434875488,True,469,469,0,94,94,12000,0,0,0,0,0,0,True,finite
rvq_2x4096_64d_random:seed4,rvq_2x4096_64d_random,4,8,0.04377469,0.01095852,0.020574040282809847,0.003573493630970284,0.010372592942773495,1635.1592176115453,0.699951171875,5734,0.0003,0.0003,1.7358039617538452,True,469,469,0,94,94,12000,0,0,0,0,0,0,True,finite
rvq_2x4096_64d_random:seed4,rvq_2x4096_64d_random,4,9,0.03364257,0.00886672,0.017251729722875662,0.0025802875421559626,0.008216227038631023,1669.9254687213277,0.7093505859375,5811,0.0003,0.0003,4.854449272155762,True,469,469,0,94,94,12000,0,0,0,0,0,0,True,finite
rvq_2x4096_64d_random:seed4,rvq_2x4096_64d_random,4,10,0.02646404,0.00816622,0.015878157144964152,0.0026268024726604053,0.007305700375609307,1734.1085025399445,0.711669921875,5830,0.0003,0.0003,2.1854605674743652,True,469,469,0,94,94,12000,0,0,0,0,0,0,True,finite
rvq_2x4096_64d_random:seed4,rvq_2x4096_64d_random,4,11,0.02104179,0.00727009,0.014697801604053307,0.002303622851322526,0.006268422521860094,1797.024578083903,0.7293701171875,5975,0.0003,0.0003,1.2568144798278809,True,469,469,0,94,94,12000,0,0,0,0,0,0,True,finite
rvq_2x4096_64d_random:seed4,rvq_2x4096_64d_random,4,12,0.01688122,0.00956806,0.01680648359837292,0.004137547591907249,0.008179326403511688,1732.0946460058515,0.7293701171875,5975,0.0003,0.0003,1.0607197284698486,True,469,469,0,94,94,12000,0,0,0,0,0,0,True,finite
rvq_2x4096_64d_random:seed4,rvq_2x4096_64d_random,4,13,0.01593811,0.0058198,0.012160925746756899,0.0018967810279825665,0.004484959894279369,1888.4416931798673,0.74072265625,6068,0.0003,0.0003,1.6261605024337769,True,469,469,0,94,94,12000,0,0,0,0,0,0,True,finite
rvq_2x4096_64d_random:seed4,rvq_2x4096_64d_random,4,14,0.01152157,0.00480134,0.010398793994501379,0.001569374967423427,0.0035843408678517172,1984.7100253900846,0.7486572265625,6133,0.0003,0.0003,0.36567747592926025,False,469,469,0,94,94,12000,0,0,0,0,0,0,True,finite
rvq_2x4096_64d_random:seed4,rvq_2x4096_64d_random,4,15,0.00994004,0.00451767,0.010034666447910068,0.0016586720742311398,0.003158005329109819,2019.4083760633355,0.76904296875,6300,0.0003,0.0003,1.0145492553710938,True,469,469,0,94,94,12000,0,0,0,0,0,0,True,finite
rvq_2x4096_64d_random:seed4,rvq_2x4096_64d_random,4,16,0.0080229,0.0036128,0.008673745425604047,0.0012344255982969408,0.0022778807042470013,2086.003815844535,0.786376953125,6442,0.0003,0.0003,0.2213604599237442,False,469,469,0,94,94,12000,0,0,0,0,0,0,True,finite
rvq_2x4096_64d_random:seed4,rvq_2x4096_64d_random,4,17,0.00673025,0.00324393,0.008012974608251044,0.0011629743917737096,0.0020360320718263297,2164.1611434456017,0.7791748046875,6383,0.0003,0.0003,0.2294776290655136,False,469,469,0,94,94,12000,0,0,0,0,0,0,True,finite
rvq_2x4096_64d_random:seed4,rvq_2x4096_64d_random,4,18,0.00570923,0.00284959,0.00703486969884228,0.001069251239319224,0.0016208580690624213,2191.0423170529953,0.7847900390625,6429,0.0003,0.0003,0.1265452653169632,False,469,469,0,94,94,12000,0,0,0,0,0,0,True,finite
rvq_2x4096_64d_random:seed4,rvq_2x4096_64d_random,4,19,0.00486393,0.00287022,0.0066247181407265415,0.0010186479536804557,0.0017454632517117895,2252.089482359904,0.7969970703125,6529,0.0003,0.0003,0.09644751995801926,False,469,469,0,94,94,12000,0,0,0,0,0,0,True,finite
rvq_2x4096_64d_random:seed4,rvq_2x4096_64d_random,4,20,0.00449617,0.00270043,0.00631798837520966,0.0008808149976168038,0.0015983787413754102,2309.9499201875506,0.8055419921875,6599,0.0003,0.0003,0.16193459928035736,False,469,469,0,94,94,12000,0,0,0,0,0,0,True,finite
rvq_2x4096_64d_random:seed4,rvq_2x4096_64d_random,4,21,0.00391156,0.00246514,0.005696463117690497,0.0008230436617054575,0.0014684613785480147,2395.0850550576956,0.81591796875,6684,0.0003,0.0003,0.10137128084897995,False,469,469,0,94,94,12000,0,0,0,0,0,0,True,finite
rvq_2x4096_64d_random:seed4,rvq_2x4096_64d_random,4,22,0.00342113,0.00251656,0.005807711017755946,0.0009268344862732431,0.0015203985475856572,2311.7562985443506,0.8109130859375,6643,0.0003,0.0003,0.08261417597532272,False,469,469,0,94,94,12000,0,0,0,0,0,0,True,finite
rvq_2x4096_64d_random:seed4,rvq_2x4096_64d_random,4,23,0.00316919,0.00226547,0.005335103266508912,0.0008026620642859694,0.0013011953688784974,2390.9421817834104,0.8133544921875,6663,0.0003,0.0003,0.09922900050878525,False,469,469,0,94,94,12000,0,0,0,0,0,0,True,finite
rvq_2x4096_64d_random:seed4,rvq_2x4096_64d_random,4,24,0.00285575,0.00220918,0.0048995129890227924,0.0008860150767813616,0.0012808885791974482,2340.4006724030355,0.8057861328125,6601,0.0003,0.0003,0.07644665986299515,False,469,469,0,94,94,12000,0,0,0,0,0,0,True,finite
rvq_2x4096_64d_random:seed4,rvq_2x4096_64d_random,4,25,0.00266634,0.00201026,0.004486727449929047,0.0006504666053590086,0.0012028799642261705,2338.9825477378267,0.7994384765625,6549,0.0003,0.0003,0.08596477657556534,False,469,469,0,94,94,12000,0,0,0,0,0,0,True,finite
rvq_2x4096_64d_random:seed4,rvq_2x4096_64d_random,4,26,0.00260129,0.00178139,0.00435834596936489,0.0004945716950063827,0.0010202637562745029,2199.184116392458,0.7701416015625,6309,0.0003,0.0003,0.25661447644233704,False,469,469,0,94,94,12000,0,0,0,0,0,0,True,finite
rvq_2x4096_64d_random:seed4,rvq_2x4096_64d_random,4,27,0.00228557,0.00178416,0.004258494855786249,0.0005177906813097263,0.0010103473971589453,2255.2976683516795,0.787353515625,6450,0.0003,0.0003,0.06911271065473557,False,469,469,0,94,94,12000,0,0,0,0,0,0,True,finite
rvq_2x4096_64d_random:seed4,rvq_2x4096_64d_random,4,28,0.00227025,0.00180921,0.004126632044166785,0.000604290435237754,0.0009762027064972438,2364.7047909446464,0.7808837890625,6397,0.0003,0.0003,0.1354360282421112,False,469,469,0,94,94,12000,0,0,0,0,0,0,True,finite
rvq_2x4096_64d_random:seed4,rvq_2x4096_64d_random,4,29,0.00207253,0.00168218,0.00392477000185867,0.0005388393844357646,0.0009225549417216687,2312.2537079418958,0.7713623046875,6319,0.0003,0.0003,0.0669211819767952,False,469,469,0,94,94,12000,0,0,0,0,0,0,True,finite
rvq_2x4096_64d_random:seed4,rvq_2x4096_64d_random,4,30,0.00197115,0.00163063,0.003661754145003885,0.0005304840309511364,0.0009025491964470682,2329.3782400580644,0.7724609375,6328,0.0003,0.0003,0.07202930748462677,False,469,469,0,94,94,12000,0,0,0,0,0,0,True,finite
rvq_2x4096_64d_random:seed4,rvq_2x4096_64d_random,4,31,0.00189475,0.00178637,0.003939507708194507,0.0006431766373018092,0.0010289410486557908,2241.015794507384,0.759765625,6224,0.0003,0.0003,0.06844044476747513,False,469,469,0,94,94,12000,0,0,0,0,0,0,True,finite
rvq_2x4096_64d_random:seed4,rvq_2x4096_64d_random,4,32,0.00187707,0.00162334,0.003626067879429907,0.0005372802406606669,0.0009222435481710976,2255.397544923992,0.768798828125,6298,0.0003,0.0003,0.06680716574192047,False,469,469,0,94,94,12000,0,0,0,0,0,0,True,finite
rvq_2x4096_64d_random:seed4,rvq_2x4096_64d_random,4,33,0.00176995,0.00161693,0.0037567453344108256,0.0005841236396083454,0.0008403290321624069,2186.6783873303775,0.7552490234375,6187,0.0003,0.0003,0.07128959894180298,False,469,469,0,94,94,12000,0,0,0,0,0,0,True,finite
rvq_2x4096_64d_random:seed4,rvq_2x4096_64d_random,4,34,0.00176637,0.00156962,0.003522417385699632,0.0005044010006283377,0.0009055633882025448,2209.3970081546754,0.7572021484375,6203,0.0003,0.0003,0.06824800372123718,False,469,469,0,94,94,12000,0,0,0,0,0,0,True,finite
rvq_2x4096_64d_random:seed4,rvq_2x4096_64d_random,4,35,0.00173126,0.00144504,0.0032455261036455126,0.0004178349891708723,0.0008025154823849735,2152.8359956435397,0.7550048828125,6185,0.0003,0.0003,0.06700041890144348,False,469,469,0,94,94,12000,0,0,0,0,0,0,True,finite
rvq_2x4096_64d_random:seed4,rvq_2x4096_64d_random,4,36,0.0016031,0.00144187,0.0032313641628905045,0.00046441333254631096,0.0007970966564438838,2265.7079498577314,0.756591796875,6198,0.0003,0.0003,0.05035288259387016,False,469,469,0,94,94,12000,0,0,0,0,0,0,True,finite
rvq_2x4096_64d_random:seed4,rvq_2x4096_64d_random,4,37,0.00162119,0.00134993,0.0030075388390159363,0.0003551115990580919,0.0007633357850717672,2266.2122300430437,0.7646484375,6264,0.0003,0.0003,0.06418584287166595,False,469,469,0,94,94,12000,0,0,0,0,0,0,True,finite
rvq_2x4096_64d_random:seed4,rvq_2x4096_64d_random,4,38,0.00154182,0.00134617,0.0030245023687737183,0.0003905760647205679,0.0006936309395507269,2197.041137106814,0.745849609375,6110,0.0003,0.0003,0.058719452470541,False,469,469,0,94,94,12000,0,0,0,0,0,0,True,finite
rvq_2x4096_64d_random:seed4,rvq_2x4096_64d_random,4,39,0.00149983,0.00171308,0.003753249255073792,0.0006564840371465644,0.0010253761234402014,2159.118307407306,0.743896484375,6094,0.0003,0.0003,0.06729172170162201,False,469,469,0,94,94,12000,0,0,0,0,0,0,True,finite
rvq_2x4096_64d_random:seed4,rvq_2x4096_64d_random,4,40,0.00167433,0.00143104,0.0031888460097076942,0.0004461012788754323,0.0008012283617933918,2311.010531535155,0.769287109375,6302,0.0003,0.0003,0.09757811576128006,False,469,469,0,94,94,12000,0,0,0,0,0,0,True,finite
rvq_2x4096_64d_random:seed4,rvq_2x4096_64d_random,4,41,0.00148563,0.00212175,0.004251350236415814,0.0008910045391984523,0.0013485758936864164,1942.1498783913285,0.7196044921875,5895,0.0003,0.0003,0.07979241758584976,False,469,469,0,94,94,12000,0,0,0,0,0,0,True,finite
rvq_2x4096_64d_random:seed4,rvq_2x4096_64d_random,4,42,0.0016802,0.001383,0.003114718050361313,0.00039245346845459073,0.0007503485196178193,2352.063097533175,0.78564453125,6436,0.0003,0.0003,0.09151668846607208,False,469,469,0,94,94,12000,0,0,0,0,0,0,True,finite
rvq_2x4096_64d_random:seed4,rvq_2x4096_64d_random,4,43,0.00144244,0.00131843,0.003033576489921113,0.0003578448471644427,0.000685241302909444,2238.0349559530623,0.778564453125,6378,0.0003,0.0003,0.06408606469631195,False,469,469,0,94,94,12000,0,0,0,0,0,0,True,finite
rvq_2x4096_64d_random:seed4,rvq_2x4096_64d_random,4,44,0.00140612,0.00141422,0.003206524439615991,0.00041463634776153714,0.0007816239270386107,2132.4425391426944,0.762939453125,6250,0.0003,0.0003,0.047690633684396744,False,469,469,0,94,94,12000,0,0,0,0,0,0,True,finite
rvq_2x4096_64d_random:seed4,rvq_2x4096_64d_random,4,45,0.00138011,0.00130598,0.002903013288485856,0.0003549922105404308,0.0006958630598091935,2374.4129755198046,0.800048828125,6554,0.0003,0.0003,0.055792227387428284,False,469,469,0,94,94,12000,0,0,0,0,0,0,True,finite
rvq_2x4096_64d_random:seed4,rvq_2x4096_64d_random,4,46,0.00129323,0.00129683,0.002977627181323664,0.00038683266156241345,0.0006901905394782435,2228.6416941679577,0.7689208984375,6299,0.0003,0.0003,0.056666985154151917,False,469,469,0,94,94,12000,0,0,0,0,0,0,True,finite
rvq_2x4096_64d_random:seed4,rvq_2x4096_64d_random,4,47,0.00134033,0.00121322,0.0027622426727236305,0.00031037224257068696,0.0006315084562400436,2293.567243960636,0.7711181640625,6317,0.0003,0.0003,0.05278725549578667,False,469,469,0,94,94,12000,0,0,0,0,0,0,True,finite
rvq_2x4096_64d_random:seed4,rvq_2x4096_64d_random,4,48,0.00165325,0.00114225,0.0025697415816496073,0.0002772669888990455,0.0005821907558797263,2404.4917244099165,0.8040771484375,6587,0.0003,0.0003,0.20544514060020447,False,469,469,0,94,94,12000,0,0,0,0,0,0,True,finite
rvq_2x4096_64d_random:seed4,rvq_2x4096_64d_random,4,49,0.00133178,0.00115032,0.002550351969001147,0.0002956837302571462,0.0005872415777416325,2277.6083058651843,0.783447265625,6418,0.0003,0.0003,0.050336986780166626,False,469,469,0,94,94,12000,0,0,0,0,0,0,True,finite
rvq_2x4096_64d_random:seed4,rvq_2x4096_64d_random,4,50,0.00129758,0.00136413,0.0029869574043277394,0.0004482508007619434,0.0007232565968495931,1971.1039910247202,0.737548828125,6042,0.0003,0.0003,0.05398610979318619,False,469,469,0,94,94,12000,0,0,0,0,0,0,True,finite
rvq_2x4096_64d_random:seed4,rvq_2x4096_64d_random,4,51,0.0013447,0.00119283,0.002731948227485745,0.0003111080429728944,0.0006430144671144226,2146.7776744174857,0.766357421875,6278,0.0003,0.0003,0.0643002912402153,False,469,469,0,94,94,12000,0,0,0,0,0,0,True,finite
rvq_2x4096_64d_random:seed4,rvq_2x4096_64d_random,4,52,0.00133745,0.00122407,0.002773747165352593,0.00033164823577894854,0.0006502020060243353,2165.8410638119417,0.7652587890625,6269,0.0003,0.0003,0.052797023206949234,False,469,469,0,94,94,12000,0,0,0,0,0,0,True,finite
rvq_2x4096_64d_random:seed4,rvq_2x4096_64d_random,4,53,0.00128047,0.00119954,0.002683046514505528,0.00034675211998321057,0.0006094856652054944,2157.1343924546986,0.74169921875,6076,0.0003,0.0003,0.04486249014735222,False,469,469,0,94,94,12000,0,0,0,0,0,0,True,finite
rvq_2x4096_64d_random:seed4,rvq_2x4096_64d_random,4,54,0.00132007,0.00126897,0.0029114377412197945,0.00038643734094505615,0.0006290459676679153,2040.0820654074025,0.752197265625,6162,0.0003,0.0003,0.06992616504430771,False,469,469,0,94,94,12000,0,0,0,0,0,0,True,finite
rvq_2x4096_64d_random:seed4,rvq_2x4096_64d_random,4,55,0.00119443,0.00132933,0.003032065184577458,0.00040350136620574575,0.0007048027653884025,2174.3595287692756,0.7474365234375,6123,0.0003,0.0003,0.04584048315882683,False,469,469,0,94,94,12000,0,0,0,0,0,0,True,finite
rvq_2x4096_64d_random:seed4,rvq_2x4096_64d_random,4,56,0.00120433,0.00130393,0.002885176567310114,0.0003501862546689076,0.0007240495365921704,2143.263646219286,0.755126953125,6186,0.0003,0.0003,0.04689664766192436,False,469,469,0,94,94,12000,0,0,0,0,0,0,True,finite
rvq_2x4096_64d_random:seed4,rvq_2x4096_64d_random,4,57,0.00124325,0.00135759,0.0029803970281795486,0.000403259659081918,0.0007506041067959897,2073.2736189517036,0.7657470703125,6273,0.0003,0.0003,0.047042135149240494,False,469,469,0,94,94,12000,0,0,0,0,0,0,True,finite
rvq_2x4096_64d_random:seed4,rvq_2x4096_64d_random,4,58,0.0012597,0.00126385,0.0029083250151317984,0.00035993300096973617,0.0006388288020097545,2231.159489307735,0.77587890625,6356,0.0003,0.00015,0.04888821393251419,False,469,469,0,94,94,12000,0,0,0,0,0,0,True,finite
rvq_2x4096_64d_random:seed4,rvq_2x4096_64d_random,4,59,0.00094877,0.00100477,0.002292385648611575,0.00017861307637803906,0.00048109315803016955,2496.612299153381,0.8341064453125,6833,0.00015,0.00015,0.03554284945130348,False,469,469,0,94,94,12000,0,0,0,0,0,0,True,finite
rvq_2x4096_64d_random:seed4,rvq_2x4096_64d_random,4,60,0.00087231,0.00098939,0.0023294736739535196,0.0001815426792425153,0.0004531687924650894,2500.8659556226467,0.82470703125,6756,0.00015,0.00015,0.02323884889483452,False,469,469,0,94,94,12000,0,0,0,0,0,0,True,finite
rvq_2x4096_64d_random:seed4,rvq_2x4096_64d_random,4,61,0.00085125,0.00097135,0.002296394429339327,0.00016654804784764962,0.0004482995847192901,2351.3439890463765,0.80224609375,6572,0.00015,0.00015,0.02514718845486641,False,469,469,0,94,94,12000,0,0,0,0,0,0,True,finite
rvq_2x4096_64d_random:seed4,rvq_2x4096_64d_random,4,62,0.00090794,0.00101297,0.0023464428924815676,0.00019800061420088393,0.0004528887199443718,2385.695138651062,0.7939453125,6504,0.00015,0.00015,0.05101638659834862,False,469,469,0,94,94,12000,0,0,0,0,0,0,True,finite
rvq_2x4096_64d_random:seed4,rvq_2x4096_64d_random,4,63,0.00091542,0.00102963,0.0024466487164259295,0.00020889004060595289,0.00046629681839903213,2274.7006757530216,0.77392578125,6340,0.00015,0.00015,0.057529766112565994,False,469,469,0,94,94,12000,0,0,0,0,0,0,True,finite
rvq_2x4096_64d_random:seed4,rvq_2x4096_64d_random,4,64,0.00085001,0.00097266,0.0023152788516141547,0.00018079669254535903,0.0004443035806707888,2183.319002853237,0.78271484375,6412,0.00015,0.00015,0.031701698899269104,False,469,469,0,94,94,12000,0,0,0,0,0,0,True,finite
rvq_2x4096_64d_random:seed4,rvq_2x4096_64d_random,4,65,0.00085623,0.00103882,0.0024040228575241923,0.0002316644004300723,0.0004839505734553203,2189.7463259315123,0.7713623046875,6319,0.00015,0.00015,0.03452054783701897,False,469,469,0,94,94,12000,0,0,0,0,0,0,True,finite
rvq_2x4096_64d_random:seed4,rvq_2x4096_64d_random,4,66,0.00082289,0.00102009,0.0024866525733497104,0.00018599704298127728,0.00044988922683651916,2205.727647197247,0.7821044921875,6407,0.00015,0.00015,0.0341624915599823,False,469,469,0,94,94,12000,0,0,0,0,0,0,True,finite
rvq_2x4096_64d_random:seed4,rvq_2x4096_64d_random,4,67,0.00085936,0.00104708,0.00241835566961849,0.00022483330672887968,0.0004995557215635931,2120.802526714237,0.7802734375,6392,0.00015,0.00015,0.04329706355929375,False,469,469,0,94,94,12000,0,0,0,0,0,0,True,finite
rvq_2x4096_64d_random:seed4,rvq_2x4096_64d_random,4,68,0.00087315,0.00100129,0.0023877910990770606,0.00020955557883447096,0.00046509913512425647,2061.798084614881,0.759765625,6224,0.00015,7.5e-05,0.04216322302818298,False,469,469,0,94,94,12000,0,0,0,0,0,0,True,finite
rvq_2x4096_64d_random:seed4,rvq_2x4096_64d_random,4,69,0.00071361,0.0009111,0.0021582145653280182,0.00015377783509016693,0.00041122312138768284,2319.965646184144,0.804443359375,6590,7.5e-05,7.5e-05,0.0805598646402359,False,469,469,0,94,94,12000,0,0,0,0,0,0,True,finite
rvq_2x4096_64d_random:seed4,rvq_2x4096_64d_random,4,70,0.00067044,0.00089388,0.002163941778894358,0.00013292324889985457,0.00039564390334162,2453.8288505567366,0.8243408203125,6753,7.5e-05,7.5e-05,0.016173619776964188,False,469,469,0,94,94,12000,0,0,0,0,0,0,True,finite
rvq_2x4096_64d_random:seed4,rvq_2x4096_64d_random,4,71,0.00066036,0.0009025,0.0021387413237728436,0.00014408753379735697,0.0003952771931061799,2398.4860164870383,0.8094482421875,6631,7.5e-05,7.5e-05,0.01835000514984131,False,469,469,0,94,94,12000,0,0,0,0,0,0,True,finite
rvq_2x4096_64d_random:seed4,rvq_2x4096_64d_random,4,72,0.00064034,0.00089655,0.0020876738794048237,0.00014797442178670145,0.00040452235584441176,2495.958698558742,0.83642578125,6852,7.5e-05,7.5e-05,0.019033078104257584,False,469,469,0,94,94,12000,0,0,0,0,0,0,True,finite
rvq_2x4096_64d_random:seed4,rvq_2x4096_64d_random,4,73,0.00062913,0.00091462,0.002164413461903333,0.0001539016518245107,0.00041211002544626346,2469.754001126114,0.833251953125,6826,7.5e-05,7.5e-05,0.018077431246638298,False,469,469,0,94,94,12000,0,0,0,0,0,0,True,finite
rvq_2x4096_64d_random:seed4,rvq_2x4096_64d_random,4,74,0.00062863,0.00091699,0.0021176710272977086,0.00017103291403909558,0.0004021718089092403,2392.9166077290283,0.821533203125,6730,7.5e-05,7.5e-05,0.02108333446085453,False,469,469,0,94,94,12000,0,0,0,0,0,0,True,finite
rvq_2x4096_64d_random:seed4,rvq_2x4096_64d_random,4,75,0.00063235,0.00089875,0.0021955818930381185,0.00014891122697016147,0.00039487441077206705,2270.715960189182,0.81640625,6688,7.5e-05,7.5e-05,0.021086178719997406,False,469,469,0,94,94,12000,0,0,0,0,0,0,True,finite
rvq_2x4096_64d_random:seed4,rvq_2x4096_64d_random,4,76,0.00062148,0.00090863,0.002218567938360384,0.0001335535462909749,0.00039824039521562033,2269.2762411937633,0.8013916015625,6565,7.5e-05,7.5e-05,0.028849657624959946,False,469,469,0,94,94,12000,0,0,0,0,0,0,True,finite
rvq_2x4096_64d_random:seed4,rvq_2x4096_64d_random,4,77,0.00062456,0.00093306,0.0022284308344745723,0.00014633508892427754,0.0004094736200390614,2184.916038196618,0.7801513671875,6391,7.5e-05,7.5e-05,0.05669821798801422,False,469,469,0,94,94,12000,0,0,0,0,0,0,True,finite
rvq_2x4096_64d_random:seed4,rvq_2x4096_64d_random,4,78,0.0005932,0.00094397,0.0022193438645648723,0.0001578065311397725,0.00041628098045265666,2317.265902191921,0.8046875,6592,7.5e-05,7.5e-05,0.05110158398747444,False,469,469,0,94,94,12000,0,0,0,0,0,0,True,finite
rvq_2x4096_64d_random:seed4,rvq_2x4096_64d_random,4,79,0.00058976,0.00095138,0.002370035742232114,0.00015364967907996303,0.00040522553449485923,2269.703804680677,0.796875,6528,7.5e-05,7.5e-05,0.02029997855424881,False,469,469,0,94,94,12000,0,0,0,0,0,0,True,finite
rvq_2x4096_64d_random:seed4,rvq_2x4096_64d_random,4,80,0.00066013,0.00093421,0.002321526349382133,0.0001514908571176005,0.0003976664646410936,2226.7995829806323,0.800537109375,6558,7.5e-05,7.5e-05,0.1159018948674202,False,469,469,0,94,94,12000,0,0,0,0,0,0,True,finite
rvq_2x4096_64d_random:seed4,rvq_2x4096_64d_random,4,81,0.00056621,0.00094769,0.0023534810387768356,0.00014748302446943623,0.0004029849537185061,2343.6963555291213,0.809326171875,6630,7.5e-05,3.75e-05,0.02915951982140541,False,469,469,0,94,94,12000,0,0,0,0,0,0,True,finite
rvq_2x4096_64d_random:seed4,rvq_2x4096_64d_random,4,82,0.00053251,0.00092243,0.0022973960235170648,0.00013580522280861955,0.0003792309399616763,2383.33638343159,0.8260498046875,6767,3.75e-05,3.75e-05,0.015313802286982536,False,469,469,0,94,94,12000,0,0,0,0,0,0,True,finite
rvq_2x4096_64d_random:seed4,rvq_2x4096_64d_random,4,83,0.00050961,0.00092916,0.0022695658668724934,0.0001355080508323806,0.00039024292777907206,2517.4456925528884,0.8463134765625,6933,3.75e-05,3.75e-05,0.011283724568784237,False,469,469,0,94,94,12000,0,0,0,0,0,0,True,finite
rvq_2x4096_64d_random:seed4,rvq_2x4096_64d_random,4,84,0.00050452,0.00093528,0.002290064313344937,0.00014070416197657737,0.00039949157335067567,2583.925566435604,0.8475341796875,6943,3.75e-05,3.75e-05,0.2031184285879135,False,469,469,0,94,94,12000,0,0,0,0,0,0,True,finite
rvq_2x4096_64d_random:seed4,rvq_2x4096_64d_random,4,85,0.00050943,0.00092338,0.0022395474266765094,0.00013869338924702882,0.0003925565795533442,2744.7614888663793,0.85400390625,6996,3.75e-05,3.75e-05,0.020925447344779968,False,469,469,0,94,94,12000,0,0,0,0,0,0,True,finite
rvq_2x4096_64d_random:seed4,rvq_2x4096_64d_random,4,86,0.00051228,0.00093373,0.002265880798644357,0.00015357608513659628,0.00039694339919986714,2588.8657984212955,0.84619140625,6932,3.75e-05,3.75e-05,0.030704770237207413,False,469,469,0,94,94,12000,0,0,0,0,0,0,True,finite
rvq_2x4096_64d_random:seed4,rvq_2x4096_64d_random,4,87,0.00050244,0.00092881,0.0022113004617683413,0.00014071741804023324,0.0004033972033802757,2555.522642846897,0.8607177734375,7051,3.75e-05,3.75e-05,0.01627824641764164,False,469,469,0,94,94,12000,0,0,0,0,0,0,True,finite
rvq_2x4096_64d_random:seed4,rvq_2x4096_64d_random,4,88,0.00049299,0.00092188,0.002219542261565535,0.00013866583112109946,0.0003936459027183099,2457.8511715741606,0.8360595703125,6849,3.75e-05,3.75e-05,0.011686150915920734,False,469,469,0,94,94,12000,0,0,0,0,0,0,True,finite
rvq_2x4096_64d_random:seed4,rvq_2x4096_64d_random,4,89,0.00049385,0.00096514,0.0023341807945400045,0.0001442698713492741,0.00041045093076191457,2533.6693770154225,0.8546142578125,7001,3.75e-05,3.75e-05,0.02580033801496029,False,469,469,0,94,94,12000,0,0,0,0,0,0,True,finite
rvq_2x4096_64d_random:seed4,rvq_2x4096_64d_random,4,90,0.00051118,0.00093782,0.0022640517053210854,0.00014781492755765668,0.00039826345552414265,2436.876911251689,0.85595703125,7012,3.75e-05,1.875e-05,0.03454603627324104,False,469,469,0,94,94,12000,0,0,0,0,0,0,True,finite
rvq_2x4096_64d_random:seed4,rvq_2x4096_64d_random,4,91,0.00048779,0.00092877,0.0022732998708989544,0.0001383313689884545,0.0003867463361591798,2493.02772173044,0.8782958984375,7195,1.875e-05,1.875e-05,0.07128261774778366,False,469,469,0,94,94,12000,0,0,0,0,0,0,True,finite
rvq_2x4096_64d_random:seed4,rvq_2x4096_64d_random,4,92,0.0004861,0.00092413,0.0022435746498427893,0.00013923454069064058,0.0003875552373942454,2648.509350543229,0.9029541015625,7397,1.875e-05,1.875e-05,0.045584917068481445,False,469,469,0,94,94,12000,0,0,0,0,0,0,True,finite
rvq_2x4096_64d_random:seed4,rvq_2x4096_64d_random,4,93,0.00046121,0.00092553,0.0022464453007188163,0.00013764538012506352,0.0003843885766420043,2712.422776510689,0.8978271484375,7355,1.875e-05,1.875e-05,0.6725675463676453,False,469,469,0,94,94,12000,0,0,0,0,0,0,True,finite
rvq_2x4096_64d_random:seed4,rvq_2x4096_64d_random,4,94,0.00045513,0.00091769,0.0022329911483809414,0.00013922702825488908,0.00038014064210815343,2668.97554281327,0.89013671875,7292,1.875e-05,1.875e-05,0.010736512951552868,False,469,469,0,94,94,12000,0,0,0,0,0,0,True,finite
rvq_2x4096_64d_random:seed4,rvq_2x4096_64d_random,4,95,0.00045592,0.00092299,0.002239900383117505,0.00014099433362946062,0.0003846054097374334,2701.846031139656,0.8731689453125,7153,1.875e-05,1.875e-05,0.00986923836171627,False,469,469,0,94,94,12000,0,0,0,0,0,0,True,finite
rvq_2x4096_64d_random:seed4,rvq_2x4096_64d_random,4,96,0.00044205,0.00092556,0.0022328424704725026,0.00013568365190678894,0.00038853444980544534,2665.9637962768825,0.8780517578125,7193,1.875e-05,1.875e-05,0.011623246595263481,False,469,469,0,94,94,12000,0,0,0,0,0,0,True,finite
rvq_2x4096_64d_random:seed4,rvq_2x4096_64d_random,4,97,0.000449,0.00093865,0.002269903029651226,0.00013963073204685742,0.00039424421958243093,2707.9752083569565,0.8779296875,7192,1.875e-05,1.875e-05,0.015512052923440933,False,469,469,0,94,94,12000,0,0,0,0,0,0,True,finite
rvq_2x4096_64d_random:seed4,rvq_2x4096_64d_random,4,98,0.00044353,0.00093405,0.002258740653364128,0.00014009437778834873,0.00038974071524662155,2657.332783319055,0.8770751953125,7185,1.875e-05,1.875e-05,0.03328671678900719,False,469,469,0,94,94,12000,0,0,0,0,0,0,True,finite
rvq_2x4096_64d_random:seed4,rvq_2x4096_64d_random,4,99,0.00044051,0.00092712,0.002266625754097125,0.0001408297045114116,0.0003817097156600715,2615.179173770109,0.8743896484375,7163,1.875e-05,9.375e-06,0.010763228870928288,False,469,469,0,94,94,12000,0,0,0,0,0,0,True,finite
vq_8192_64d_random:seed3,vq_8192_64d_random,3,0,0.38177053,0.12268628,0.1545508942217094,0.10511250229082908,0.12050621512597463,160.00857582695392,0.118408203125,970,0.0003,0.0003,41781632.0,True,469,469,0,94,94,12000,0,0,0,0,0,0,True,finite
vq_8192_64d_random:seed3,vq_8192_64d_random,3,1,0.14489375,0.09292267,0.122529074691315,0.08248695596947417,0.07933199209242682,210.4277671046806,0.1341552734375,1099,0.0003,0.0003,2.883437156677246,True,469,469,0,94,94,12000,0,0,0,0,0,0,True,finite
vq_8192_64d_random:seed3,vq_8192_64d_random,3,2,0.0773211,0.03873138,0.06939509131031607,0.02113177590859528,0.037111636867645695,572.4326054322873,0.333251953125,2730,0.0003,0.0003,5.540814399719238,True,469,469,0,94,94,12000,0,0,0,0,0,0,True,finite
vq_8192_64d_random:seed3,vq_8192_64d_random,3,3,0.0439457,0.02856834,0.05074045385928511,0.012452059694164894,0.028129441466958803,951.1196091818532,0.4395751953125,3601,0.0003,0.0003,2.7985737323760986,True,469,469,0,94,94,12000,0,0,0,0,0,0,True,finite
vq_8192_64d_random:seed3,vq_8192_64d_random,3,4,0.03487351,0.02511512,0.04447487792377852,0.009321464669549187,0.025123948614048673,1085.7578552703285,0.4974365234375,4075,0.0003,0.0003,1.6492801904678345,True,469,469,0,94,94,12000,0,0,0,0,0,0,True,finite
vq_8192_64d_random:seed3,vq_8192_64d_random,3,5,0.0281803,0.01777826,0.03448682068318576,0.005821396022025468,0.016385874813969234,1131.5451574940466,0.5203857421875,4263,0.0003,0.0003,2.8600833415985107,True,469,469,0,94,94,12000,0,0,0,0,0,0,True,finite
vq_8192_64d_random:seed3,vq_8192_64d_random,3,6,0.02242931,0.01416503,0.027464576465815252,0.0042360682080537036,0.013136374065978184,1158.199875231075,0.53662109375,4396,0.0003,0.0003,2.426246404647827,True,469,469,0,94,94,12000,0,0,0,0,0,0,True,finite
vq_8192_64d_random:seed3,vq_8192_64d_random,3,7,0.0181513,0.0123837,0.024329170857975115,0.003761115009575178,0.011514050793178795,1081.3500108036471,0.517333984375,4238,0.0003,0.0003,2.4617650508880615,True,469,469,0,94,94,12000,0,0,0,0,0,0,True,finite
vq_8192_64d_random:seed3,vq_8192_64d_random,3,8,0.01581701,0.01067893,0.02100592879468967,0.0029258132430399833,0.010021841299097903,1223.2270786223862,0.5452880859375,4467,0.0003,0.0003,9.123394012451172,True,469,469,0,94,94,12000,0,0,0,0,0,0,True,finite
vq_8192_64d_random:seed3,vq_8192_64d_random,3,9,0.01328251,0.00961615,0.018498843118844945,0.002885137334321403,0.008935137184538587,1224.258598280152,0.5565185546875,4559,0.0003,0.0003,2.061932325363159,True,469,469,0,94,94,12000,0,0,0,0,0,0,True,finite
vq_8192_64d_random:seed3,vq_8192_64d_random,3,10,0.01090676,0.00719641,0.014009414433816612,0.0020878046413168455,0.00650197379006719,1370.901293435201,0.5677490234375,4651,0.0003,0.0003,1.4013562202453613,True,469,469,0,94,94,12000,0,0,0,0,0,0,True,finite
vq_8192_64d_random:seed3,vq_8192_64d_random,3,11,0.00872715,0.00599709,0.011848198747396153,0.001778343104694914,0.005129156087714101,1482.743217244144,0.601806640625,4930,0.0003,0.0003,0.45046451687812805,False,469,469,0,94,94,12000,0,0,0,0,0,0,True,finite
vq_8192_64d_random:seed3,vq_8192_64d_random,3,12,0.00748624,0.00517967,0.011090360307679502,0.0016778605762187196,0.004092741474057632,1577.6229030218587,0.6248779296875,5119,0.0003,0.0003,1.2002450227737427,True,469,469,0,94,94,12000,0,0,0,0,0,0,True,finite
vq_8192_64d_random:seed3,vq_8192_64d_random,3,13,0.00665567,0.00484647,0.010931543679069724,0.0016596416616508928,0.0036273271816483184,1655.8594389589366,0.6494140625,5320,0.0003,0.0003,2.0980987548828125,True,469,469,0,94,94,12000,0,0,0,0,0,0,True,finite
vq_8192_64d_random:seed3,vq_8192_64d_random,3,14,0.00563531,0.00399683,0.008778814239438394,0.0014751749280273922,0.002699323369510157,1727.9132964558273,0.668701171875,5478,0.0003,0.0003,0.4541017711162567,False,469,469,0,94,94,12000,0,0,0,0,0,0,True,finite
vq_8192_64d_random:seed3,vq_8192_64d_random,3,15,0.00487664,0.00586076,0.012156457567589665,0.0025516327063462925,0.004096530403730088,1665.1491183315381,0.663818359375,5438,0.0003,0.0003,0.7568805813789368,False,469,469,0,94,94,12000,0,0,0,0,0,0,True,finite
vq_8192_64d_random:seed3,vq_8192_64d_random,3,16,0.00486001,0.00394978,0.008432561049237088,0.0016214369175069005,0.0027172390424894037,1809.889142838069,0.6859130859375,5619,0.0003,0.0003,0.46041765809059143,False,469,469,0,94,94,12000,0,0,0,0,0,0,True,finite
vq_8192_64d_random:seed3,vq_8192_64d_random,3,17,0.00403252,0.00292065,0.0063612489071785605,0.0009837105634780657,0.0017596620944121916,1952.6213128000736,0.7186279296875,5887,0.0003,0.0003,0.11415485292673111,False,469,469,0,94,94,12000,0,0,0,0,0,0,True,finite
vq_8192_64d_random:seed3,vq_8192_64d_random,3,18,0.00360114,0.00294197,0.00638190443164437,0.001031409858182301,0.001906640983009539,1964.5450236967392,0.7220458984375,5915,0.0003,0.0003,0.1447102129459381,False,469,469,0,94,94,12000,0,0,0,0,0,0,True,finite
vq_8192_64d_random:seed3,vq_8192_64d_random,3,19,0.00342267,0.00270744,0.006252049493385239,0.000948220364415806,0.0016083984453302209,2021.4352668407894,0.727294921875,5958,0.0003,0.0003,0.1425238698720932,False,469,469,0,94,94,12000,0,0,0,0,0,0,True,finite
vq_8192_64d_random:seed3,vq_8192_64d_random,3,20,0.00334069,0.00297083,0.006304739343223778,0.0010962731751350389,0.0018675404266296637,1985.6416478750996,0.727294921875,5958,0.0003,0.0003,0.12898625433444977,False,469,469,0,94,94,12000,0,0,0,0,0,0,True,finite
vq_8192_64d_random:seed3,vq_8192_64d_random,3,21,0.00307106,0.0031604,0.006627720465153368,0.001230459903071698,0.0021175661891548094,2020.05680785692,0.7379150390625,6045,0.0003,0.0003,0.13119927048683167,False,469,469,0,94,94,12000,0,0,0,0,0,0,True,finite
vq_8192_64d_random:seed3,vq_8192_64d_random,3,22,0.00355975,0.00224052,0.005185202024959207,0.0006660152655969335,0.0013011955792197093,2140.9841399316315,0.75830078125,6212,0.0003,0.0003,0.27096396684646606,False,469,469,0,94,94,12000,0,0,0,0,0,0,True,finite
vq_8192_64d_random:seed3,vq_8192_64d_random,3,23,0.00259775,0.0024055,0.005402184727181476,0.0010473828861745588,0.0013649237710378053,2174.515624814559,0.773681640625,6338,0.0003,0.0003,0.07902646064758301,False,469,469,0,94,94,12000,0,0,0,0,0,0,True,finite
vq_8192_64d_random:seed3,vq_8192_64d_random,3,24,0.00251458,0.00214927,0.004833073500318573,0.0006619373323054978,0.0012171776632485792,2235.627428386728,0.7813720703125,6401,0.0003,0.0003,0.08123882859945297,False,469,469,0,94,94,12000,0,0,0,0,0,0,True,finite
vq_8192_64d_random:seed3,vq_8192_64d_random,3,25,0.00261021,0.00223286,0.0048769206985606744,0.0007409832144012859,0.0013608504187207467,2248.01274212612,0.7901611328125,6473,0.0003,0.0003,0.08987028151750565,False,469,469,0,94,94,12000,0,0,0,0,0,0,True,finite
vq_8192_64d_random:seed3,vq_8192_64d_random,3,26,0.00239113,0.00214916,0.004947912863884747,0.0007391861094492627,0.0011454719515668747,2193.7015467621914,0.7833251953125,6417,0.0003,0.0003,0.0822957307100296,False,469,469,0,94,94,12000,0,0,0,0,0,0,True,finite
vq_8192_64d_random:seed3,vq_8192_64d_random,3,27,0.00235887,0.00195859,0.004538469182654255,0.0007210178837423481,0.0010309725308076392,2291.7512127199975,0.7967529296875,6527,0.0003,0.0003,0.07590889185667038,False,469,469,0,94,94,12000,0,0,0,0,0,0,True,finite
vq_8192_64d_random:seed3,vq_8192_64d_random,3,28,0.00224506,0.00184406,0.004408753867525419,0.000607190808806245,0.0009929048335746676,2308.180840376155,0.802734375,6576,0.0003,0.0003,0.07117820531129837,False,469,469,0,94,94,12000,0,0,0,0,0,0,True,finite
vq_8192_64d_random:seed3,vq_8192_64d_random,3,29,0.00212466,0.00178737,0.0041347922641242,0.0005260823470416713,0.000978645421213614,2381.231259064964,0.8162841796875,6687,0.0003,0.0003,0.06838452816009521,False,469,469,0,94,94,12000,0,0,0,0,0,0,True,finite
vq_8192_64d_random:seed3,vq_8192_64d_random,3,30,0.00204446,0.00170245,0.004264060748199449,0.0005514070657640435,0.0008873697809241659,2411.3167839508856,0.8221435546875,6735,0.0003,0.0003,0.0679512694478035,False,469,469,0,94,94,12000,0,0,0,0,0,0,True,finite
vq_8192_64d_random:seed3,vq_8192_64d_random,3,31,0.00196483,0.00162909,0.003858328099202739,0.0005012553230673401,0.0008645922927755172,2383.9855843497016,0.80908203125,6628,0.0003,0.0003,0.0673430934548378,False,469,469,0,94,94,12000,0,0,0,0,0,0,True,finite
vq_8192_64d_random:seed3,vq_8192_64d_random,3,32,0.00201101,0.00167529,0.003940308138065507,0.0004927576301364412,0.0009150272912361586,2412.8421699723185,0.8194580078125,6713,0.0003,0.0003,0.08299117535352707,False,469,469,0,94,94,12000,0,0,0,0,0,0,True,finite
vq_8192_64d_random:seed3,vq_8192_64d_random,3,33,0.00193879,0.00155048,0.003639591805807855,0.0004736310432144342,0.0007750699016998277,2433.846158676528,0.8277587890625,6781,0.0003,0.0003,0.08896709233522415,False,469,469,0,94,94,12000,0,0,0,0,0,0,True,finite
vq_8192_64d_random:seed3,vq_8192_64d_random,3,34,0.00178811,0.00171247,0.003821384933940182,0.0006155701708042318,0.0009490353736089734,2447.9925361308797,0.8304443359375,6803,0.0003,0.0003,0.08541163802146912,False,469,469,0,94,94,12000,0,0,0,0,0,0,True,finite
vq_8192_64d_random:seed3,vq_8192_64d_random,3,35,0.0016938,0.00160243,0.0037986628615257856,0.000515289026406868,0.0008311497402421723,2463.1187794515126,0.8319091796875,6815,0.0003,0.0003,0.06632135808467865,False,469,469,0,94,94,12000,0,0,0,0,0,0,True,finite
vq_8192_64d_random:seed3,vq_8192_64d_random,3,36,0.00172419,0.00175991,0.004106048080016386,0.000708447963373775,0.0008942446370609764,2509.0584088123983,0.8443603515625,6917,0.0003,0.0003,0.06765742599964142,False,469,469,0,94,94,12000,0,0,0,0,0,0,True,finite
vq_8192_64d_random:seed3,vq_8192_64d_random,3,37,0.00174392,0.00151964,0.003481238677632134,0.0004587166939030704,0.0007869892991110287,2499.152661318345,0.841552734375,6894,0.0003,0.0003,0.0691700205206871,False,469,469,0,94,94,12000,0,0,0,0,0,0,True,finite
vq_8192_64d_random:seed3,vq_8192_64d_random,3,38,0.00165761,0.00147214,0.0035756515207292197,0.00046000382490347236,0.000709801850688997,2459.0682465648247,0.832763671875,6822,0.0003,0.0003,0.07096982002258301,False,469,469,0,94,94,12000,0,0,0,0,0,0,True,finite
vq_8192_64d_random:seed3,vq_8192_64d_random,3,39,0.00162267,0.00151654,0.0035787067980789108,0.0004689686205659426,0.0008166165427272194,2440.334148177747,0.8275146484375,6779,0.0003,0.0003,0.07061882317066193,False,469,469,0,94,94,12000,0,0,0,0,0,0,True,finite
vq_8192_64d_random:seed3,vq_8192_64d_random,3,40,0.00152701,0.001478,0.0034902816923146804,0.0004930039900738147,0.0007817137805750865,2477.91858184095,0.8353271484375,6843,0.0003,0.0003,0.06198882684111595,False,469,469,0,94,94,12000,0,0,0,0,0,0,True,finite
vq_8192_64d_random:seed3,vq_8192_64d_random,3,41,0.00147197,0.00140671,0.003429849729294927,0.0003979903445908126,0.0007346548784723348,2550.798769436338,0.850830078125,6970,0.0003,0.0003,0.06598614901304245,False,469,469,0,94,94,12000,0,0,0,0,0,0,True,finite
vq_8192_64d_random:seed3,vq_8192_64d_random,3,42,0.00141816,0.00150023,0.00353234404472189,0.0005489514029761999,0.000748382598480565,2557.680702871938,0.848388671875,6950,0.0003,0.0003,0.05712418630719185,False,469,469,0,94,94,12000,0,0,0,0,0,0,True,finite
vq_8192_64d_random:seed3,vq_8192_64d_random,3,43,0.00151702,0.00145684,0.0035205866610784004,0.00040500273761726166,0.0007608395004041646,2532.929749110238,0.8511962890625,6973,0.0003,0.0003,0.07875479757785797,False,469,469,0,94,94,12000,0,0,0,0,0,0,True,finite
vq_8192_64d_random:seed3,vq_8192_64d_random,3,44,0.00142708,0.00162066,0.0037509815624832913,0.000574011939121519,0.0008937040789456874,2478.1116962288993,0.8372802734375,6859,0.0003,0.0003,0.07601440697908401,False,469,469,0,94,94,12000,0,0,0,0,0,0,True,finite
vq_8192_64d_random:seed3,vq_8192_64d_random,3,45,0.00134813,0.00147528,0.0035022091159233803,0.00047335108521552057,0.0007366937565107167,2567.939661407489,0.849609375,6960,0.0003,0.0003,0.06507177650928497,False,469,469,0,94,94,12000,0,0,0,0,0,0,True,finite
vq_8192_64d_random:seed3,vq_8192_64d_random,3,46,0.00135684,0.0013037,0.0031520868768985786,0.00035739252325404426,0.0006285076782358665,2543.201320444812,0.84326171875,6908,0.0003,0.0003,0.05326428636908531,False,469,469,0,94,94,12000,0,0,0,0,0,0,True,finite
vq_8192_64d_random:seed3,vq_8192_64d_random,3,47,0.00124005,0.00129199,0.0031414655028625354,0.00037187792866418603,0.0006018949045818213,2605.5304920480035,0.8497314453125,6961,0.0003,0.0003,0.05883602425456047,False,469,469,0,94,94,12000,0,0,0,0,0,0,True,finite
vq_8192_64d_random:seed3,vq_8192_64d_random,3,48,0.00120214,0.00132923,0.0031940607717898493,0.00036726005758208683,0.0006531340168196723,2541.074003761808,0.841796875,6896,0.0003,0.0003,0.05468637868762016,False,469,469,0,94,94,12000,0,0,0,0,0,0,True,finite
vq_8192_64d_random:seed3,vq_8192_64d_random,3,49,0.00126179,0.00132105,0.0032156670262986496,0.0004007144651999537,0.0006261557187510315,2565.5605614531974,0.8465576171875,6935,0.0003,0.0003,0.05542754754424095,False,469,469,0,94,94,12000,0,0,0,0,0,0,True,finite
vq_8192_64d_random:seed3,vq_8192_64d_random,3,50,0.00124707,0.00136048,0.003092079191806481,0.00046993304541338596,0.0006914157779072898,2543.5469848659745,0.8521728515625,6981,0.0003,0.0003,0.05762109160423279,False,469,469,0,94,94,12000,0,0,0,0,0,0,True,finite
vq_8192_64d_random:seed3,vq_8192_64d_random,3,51,0.00116253,0.00128835,0.0031323709458695934,0.00036029677223835244,0.0006216847576419064,2588.0408906154444,0.8525390625,6984,0.0003,0.0003,0.05152679234743118,False,469,469,0,94,94,12000,0,0,0,0,0,0,True,finite
vq_8192_64d_random:seed3,vq_8192_64d_random,3,52,0.00116341,0.00125127,0.0030045850480030266,0.0003729027269700776,0.0005900468484880613,2620.3652143548215,0.8568115234375,7019,0.0003,0.0003,0.04996031895279884,False,469,469,0,94,94,12000,0,0,0,0,0,0,True,finite
vq_8192_64d_random:seed3,vq_8192_64d_random,3,53,0.00119919,0.0012287,0.0029654312727287655,0.0003179197394586855,0.0005804343226048235,2628.854765835109,0.8536376953125,6993,0.0003,0.0003,0.06331215798854828,False,469,469,0,94,94,12000,0,0,0,0,0,0,True,finite
vq_8192_64d_random:seed3,vq_8192_64d_random,3,54,0.001117,0.00125113,0.002954980663505575,0.0003945724175990398,0.0005851065234021069,2643.0672111831677,0.850341796875,6966,0.0003,0.0003,0.04857196286320686,False,469,469,0,94,94,12000,0,0,0,0,0,0,True,finite
vq_8192_64d_random:seed3,vq_8192_64d_random,3,55,0.00109656,0.00134526,0.003131416202823595,0.0004755012229282997,0.0006372479979897056,2636.0972421634037,0.84912109375,6956,0.0003,0.0003,0.050283707678318024,False,469,469,0,94,94,12000,0,0,0,0,0,0,True,finite
vq_8192_64d_random:seed3,vq_8192_64d_random,3,56,0.00119358,0.00128471,0.0031408418979669154,0.00036242512152930944,0.0006283957909747729,2655.424564895698,0.85986328125,7044,0.0003,0.0003,0.07454406470060349,False,469,469,0,94,94,12000,0,0,0,0,0,0,True,finite
vq_8192_64d_random:seed3,vq_8192_64d_random,3,57,0.00104612,0.00123001,0.0028654831324078254,0.0003772951608571563,0.0005989107296081435,2652.760558664103,0.8590087890625,7037,0.0003,0.0003,0.04566662013530731,False,469,469,0,94,94,12000,0,0,0,0,0,0,True,finite
vq_8192_64d_random:seed3,vq_8192_64d_random,3,58,0.00115057,0.00123703,0.003119171034466958,0.0003290482421466486,0.0005791253185272263,2690.951637283509,0.8612060546875,7055,0.0003,0.0003,0.05600401759147644,False,469,469,0,94,94,12000,0,0,0,0,0,0,True,finite
vq_8192_64d_random:seed3,vq_8192_64d_random,3,59,0.00114449,0.00121861,0.0029862523635705938,0.0003615335844104367,0.0005852222068821789,2683.489701782589,0.8599853515625,7045,0.0003,0.0003,0.05894237011671066,False,469,469,0,94,94,12000,0,0,0,0,0,0,True,finite
vq_8192_64d_random:seed3,vq_8192_64d_random,3,60,0.00119822,0.00118193,0.002836515599756361,0.00032551091607178293,0.0005316564458708259,2622.7955510192796,0.858154296875,7030,0.0003,0.0003,0.11923063546419144,False,469,469,0,94,94,12000,0,0,0,0,0,0,True,finite
vq_8192_64d_random:seed3,vq_8192_64d_random,3,61,0.00097487,0.00120382,0.0029602679645834907,0.00032936010213681865,0.0005649028083600817,2627.889231252084,0.854248046875,6998,0.0003,0.0003,0.04246862977743149,False,469,469,0,94,94,12000,0,0,0,0,0,0,True,finite
vq_8192_64d_random:seed3,vq_8192_64d_random,3,62,0.00095503,0.0012589,0.003046989239175309,0.00036425157660876275,0.0005922217632388034,2670.154605237641,0.8621826171875,7063,0.0003,0.0003,0.04659763723611832,False,469,469,0,94,94,12000,0,0,0,0,0,0,True,finite
vq_8192_64d_random:seed3,vq_8192_64d_random,3,63,0.00095725,0.00120214,0.002940431970302301,0.00037095247635959204,0.0005447404665384262,2696.2525200818586,0.867919921875,7110,0.0003,0.0003,0.05545825883746147,False,469,469,0,94,94,12000,0,0,0,0,0,0,True,finite
vq_8192_64d_random:seed3,vq_8192_64d_random,3,64,0.00089732,0.00121954,0.0027003278463884253,0.0003793519342935693,0.0006029412832808789,2717.522385931421,0.8704833984375,7131,0.0003,0.0003,0.04900972545146942,False,469,469,0,94,94,12000,0,0,0,0,0,0,True,finite
vq_8192_64d_random:seed3,vq_8192_64d_random,3,65,0.00096273,0.00124076,0.002925726018087598,0.00037842563959085505,0.000567964533003061,2731.5378343988673,0.8692626953125,7121,0.0003,0.0003,0.04963478446006775,False,469,469,0,94,94,12000,0,0,0,0,0,0,True,finite
vq_8192_64d_random:seed3,vq_8192_64d_random,3,66,0.0011183,0.0011186,0.002732408745012406,0.00026963002459306514,0.000508525860250952,2725.8468611977705,0.869384765625,7122,0.0003,0.0003,0.08099126070737839,False,469,469,0,94,94,12000,0,0,0,0,0,0,True,finite
vq_8192_64d_random:seed3,vq_8192_64d_random,3,67,0.00100134,0.00157266,0.003404742427495628,0.0005899534767046305,0.0008879533699124592,2671.998656353602,0.85986328125,7044,0.0003,0.0003,0.07417416572570801,False,469,469,0,94,94,12000,0,0,0,0,0,0,True,finite
vq_8192_64d_random:seed3,vq_8192_64d_random,3,68,0.00096051,0.00116544,0.002823493224419508,0.00032755339579281276,0.0005276502198259113,2748.414152408508,0.874755859375,7166,0.0003,0.0003,0.05966870114207268,False,469,469,0,94,94,12000,0,0,0,0,0,0,True,finite
vq_8192_64d_random:seed3,vq_8192_64d_random,3,69,0.00088123,0.00120631,0.002866344113056311,0.00038114645397705757,0.0005970728708143318,2695.2855890387527,0.8658447265625,7093,0.0003,0.0003,0.05471258983016014,False,469,469,0,94,94,12000,0,0,0,0,0,0,True,finite
vq_8192_64d_random:seed3,vq_8192_64d_random,3,70,0.00090815,0.00117381,0.002854301707576083,0.0003420337041132889,0.0005698257500878169,2773.684143582389,0.87353515625,7156,0.0003,0.0003,0.04481519013643265,False,469,469,0,94,94,12000,0,0,0,0,0,0,True,finite
vq_8192_64d_random:seed3,vq_8192_64d_random,3,71,0.00102747,0.00121908,0.002806691213122397,0.00035653455616686065,0.0005814984193057957,2742.335717496423,0.87255859375,7148,0.0003,0.0003,0.07818982750177383,False,469,469,0,94,94,12000,0,0,0,0,0,0,True,finite
vq_8192_64d_random:seed3,vq_8192_64d_random,3,72,0.00088531,0.00112042,0.00280054501267299,0.0002832939914512329,0.0004943907139477792,2767.4908037752866,0.876708984375,7182,0.0003,0.0003,0.04853498935699463,False,469,469,0,94,94,12000,0,0,0,0,0,0,True,finite
vq_8192_64d_random:seed3,vq_8192_64d_random,3,73,0.00088776,0.00116221,0.0029100627531347444,0.00028546433852594044,0.0005272167222369898,2734.5040641911946,0.869384765625,7122,0.0003,0.00015,0.049899838864803314,False,469,469,0,94,94,12000,0,0,0,0,0,0,True,finite
vq_8192_64d_random:seed3,vq_8192_64d_random,3,74,0.00069797,0.0009713,0.0023681194710896804,0.00020746544689429608,0.0004012036200547624,2822.088146951124,0.880126953125,7210,0.00015,0.00015,0.033044297248125076,False,469,469,0,94,94,12000,0,0,0,0,0,0,True,finite
vq_8192_64d_random:seed3,vq_8192_64d_random,3,75,0.00060167,0.00096774,0.0023919967072300753,0.00021971643650603792,0.0003950138215185719,2797.638187098069,0.8824462890625,7229,0.00015,0.00015,0.02395486645400524,False,469,469,0,94,94,12000,0,0,0,0,0,0,True,finite
vq_8192_64d_random:seed3,vq_8192_64d_random,3,76,0.00058706,0.00096277,0.002478481945712807,0.00018609993095855553,0.0003891903364750819,2838.992541338803,0.88134765625,7220,0.00015,0.00015,0.021540483459830284,False,469,469,0,94,94,12000,0,0,0,0,0,0,True,finite
vq_8192_64d_random:seed3,vq_8192_64d_random,3,77,0.00062088,0.00097074,0.0024689559384140614,0.00018708925628995815,0.0003932891545964934,2794.6469020846807,0.87548828125,7172,0.00015,0.00015,0.043976180255413055,False,469,469,0,94,94,12000,0,0,0,0,0,0,True,finite
vq_8192_64d_random:seed3,vq_8192_64d_random,3,78,0.00060417,0.00098505,0.00244836511864799,0.00019402349890425892,0.00041808853395848935,2840.894032482377,0.8809814453125,7217,0.00015,0.00015,0.035519011318683624,False,469,469,0,94,94,12000,0,0,0,0,0,0,True,finite
vq_8192_64d_random:seed3,vq_8192_64d_random,3,79,0.00060237,0.00100964,0.0025144176345117827,0.00022420560004580024,0.00042554300664220096,2819.0991404325887,0.872802734375,7150,0.00015,0.00015,0.02788316085934639,False,469,469,0,94,94,12000,0,0,0,0,0,0,True,finite
vq_8192_64d_random:seed3,vq_8192_64d_random,3,80,0.00058187,0.00097325,0.002389727754699656,0.00019460880181777142,0.00040386169646390894,2821.20346608896,0.878662109375,7198,0.00015,0.00015,0.024739813059568405,False,469,469,0,94,94,12000,0,0,0,0,0,0,True,finite
vq_8192_64d_random:seed3,vq_8192_64d_random,3,81,0.00060225,0.0009786,0.002448687430457657,0.00018171088013701516,0.0004093216354783611,2841.2789045022096,0.8780517578125,7193,0.00015,0.00015,0.03367118909955025,False,469,469,0,94,94,12000,0,0,0,0,0,0,True,finite
vq_8192_64d_random:seed3,vq_8192_64d_random,3,82,0.00059719,0.00100862,0.0025044632569772704,0.0002229392521657154,0.0004142443571675957,2854.3839812284095,0.883056640625,7234,0.00015,0.00015,0.03815944865345955,False,469,469,0,94,94,12000,0,0,0,0,0,0,True,finite
vq_8192_64d_random:seed3,vq_8192_64d_random,3,83,0.00061954,0.00100272,0.002552604578733116,0.0001935574144535428,0.00042257922140096323,2791.350308300807,0.8797607421875,7207,0.00015,7.5e-05,0.029733670875430107,False,469,469,0,94,94,12000,0,0,0,0,0,0,True,finite
vq_8192_64d_random:seed3,vq_8192_64d_random,3,84,0.00054518,0.00093923,0.0024016349028292486,0.00016358570010184995,0.0003764881632360665,2891.740199242487,0.8896484375,7288,7.5e-05,7.5e-05,0.05047839134931564,False,469,469,0,94,94,12000,0,0,0,0,0,0,True,finite
vq_8192_64d_random:seed3,vq_8192_64d_random,3,85,0.00048798,0.00092354,0.0023694105178441653,0.0001636115968897407,0.00035746446520446327,2889.618425436028,0.8837890625,7240,7.5e-05,7.5e-05,0.02537965215742588,False,469,469,0,94,94,12000,0,0,0,0,0,0,True,finite
vq_8192_64d_random:seed3,vq_8192_64d_random,3,86,0.00046917,0.00092635,0.002370498486755306,0.0001628886893647057,0.0003638434804108333,2873.2116663666475,0.883544921875,7238,7.5e-05,7.5e-05,0.01667328178882599,False,469,469,0,94,94,12000,0,0,0,0,0,0,True,finite
vq_8192_64d_random:seed3,vq_8192_64d_random,3,87,0.00046011,0.00093543,0.002393286840217195,0.00017255310877865038,0.0003615904733819322,2854.714407677045,0.8868408203125,7265,7.5e-05,7.5e-05,0.01616039127111435,False,469,469,0,94,94,12000,0,0,0,0,0,0,True,finite
vq_8192_64d_random:seed3,vq_8192_64d_random,3,88,0.00045208,0.00094626,0.0023905464327039043,0.00017432253035379937,0.000370469839417308,2862.3057520744505,0.88623046875,7260,7.5e-05,7.5e-05,0.016356656327843666,False,469,469,0,94,94,12000,0,0,0,0,0,0,True,finite
vq_8192_64d_random:seed3,vq_8192_64d_random,3,89,0.00046335,0.00093367,0.002365488283461256,0.0001705881576470146,0.00036276123279323127,2889.6943142119494,0.88134765625,7220,7.5e-05,7.5e-05,0.03216372802853584,False,469,469,0,94,94,12000,0,0,0,0,0,0,True,finite
vq_8192_64d_random:seed3,vq_8192_64d_random,3,90,0.00045279,0.00094236,0.0023043218977043998,0.000177162141174912,0.0003805242190027343,2854.899910459819,0.8819580078125,7225,7.5e-05,7.5e-05,0.016082948073744774,False,469,469,0,94,94,12000,0,0,0,0,0,0,True,finite
vq_8192_64d_random:seed3,vq_8192_64d_random,3,91,0.00044877,0.0009673,0.002461146527292476,0.0001897104880536247,0.0003783968245353138,2814.2681198469604,0.8782958984375,7195,7.5e-05,7.5e-05,0.023754993453621864,False,469,469,0,94,94,12000,0,0,0,0,0,0,True,finite
vq_8192_64d_random:seed3,vq_8192_64d_random,3,92,0.00045098,0.00093036,0.0023591692769263455,0.00016865854099364062,0.0003608570714794129,2843.9199947226252,0.87890625,7200,7.5e-05,7.5e-05,0.02392714098095894,False,469,469,0,94,94,12000,0,0,0,0,0,0,True,finite
vq_8192_64d_random:seed3,vq_8192_64d_random,3,93,0.000435,0.00093111,0.0023149738452940103,0.00017368590751352283,0.00036746297632349247,2882.2668416806673,0.8824462890625,7229,7.5e-05,7.5e-05,0.016604766249656677,False,469,469,0,94,94,12000,0,0,0,0,0,0,True,finite
vq_8192_64d_random:seed3,vq_8192_64d_random,3,94,0.000439,0.00093643,0.0023679836277509126,0.00017555581576356017,0.00036959164302541634,2902.751993484184,0.8839111328125,7241,7.5e-05,7.5e-05,0.01795319654047489,False,469,469,0,94,94,12000,0,0,0,0,0,0,True,finite
vq_8192_64d_random:seed3,vq_8192_64d_random,3,95,0.00043248,0.00095289,0.0023729391634796657,0.0001839682689303323,0.0003745736020798159,2810.100258322659,0.876953125,7184,7.5e-05,7.5e-05,0.016910450533032417,False,469,469,0,94,94,12000,0,0,0,0,0,0,True,finite
vq_8192_64d_random:seed3,vq_8192_64d_random,3,96,0.0004288,0.00093761,0.002376770575022483,0.00016943424464220606,0.00036501932861362585,2900.6726304108283,0.8851318359375,7251,7.5e-05,7.5e-05,0.018922971561551094,False,469,469,0,94,94,12000,0,0,0,0,0,0,True,finite
vq_8192_64d_random:seed3,vq_8192_64d_random,3,97,0.00043229,0.00092526,0.0023639757856411007,0.0001548964887738015,0.00036185363005763625,2906.379932212501,0.8822021484375,7227,7.5e-05,7.5e-05,0.019278327003121376,False,469,469,0,94,94,12000,0,0,0,0,0,0,True,finite
vq_8192_64d_random:seed3,vq_8192_64d_random,3,98,0.000421,0.00093771,0.002410616648196736,0.00015485368829019428,0.00036973588182796796,2886.07788475224,0.88330078125,7236,7.5e-05,7.5e-05,0.0182432159781456,False,469,469,0,94,94,12000,0,0,0,0,0,0,True,finite
vq_8192_64d_random:seed3,vq_8192_64d_random,3,99,0.00042096,0.00094761,0.0024058975154737454,0.00017333551599135595,0.00036463087432305656,2858.4634682775627,0.8817138671875,7223,7.5e-05,3.75e-05,0.016822459176182747,False,469,469,0,94,94,12000,0,0,0,0,0,0,True,finite
vq_8192_64d_random:seed4,vq_8192_64d_random,4,0,0.5169031,0.08335871,0.1378253239511001,0.08654729711562649,0.060454360794405936,193.11877262193508,0.1368408203125,1121,0.0003,0.0003,56241544.0,True,469,469,0,94,94,12000,0,0,0,0,0,0,True,finite
vq_8192_64d_random:seed4,vq_8192_64d_random,4,1,0.09227716,0.03363311,0.060374384004467416,0.016267638794611582,0.03358153942208745,563.885752161208,0.3153076171875,2583,0.0003,0.0003,1.9403969049453735,True,469,469,0,94,94,12000,0,0,0,0,0,0,True,finite
vq_8192_64d_random:seed4,vq_8192_64d_random,4,2,0.04282644,0.02498082,0.049648351248838,0.010822697173751806,0.021712297208537512,925.0458662910725,0.4320068359375,3539,0.0003,0.0003,1.326027750968933,True,469,469,0,94,94,12000,0,0,0,0,0,0,True,finite
vq_8192_64d_random:seed4,vq_8192_64d_random,4,3,0.02743721,0.01487633,0.03228954145127073,0.005460010784389243,0.011819254962370747,1159.7020730223785,0.5218505859375,4275,0.0003,0.0003,1.5460363626480103,True,469,469,0,94,94,12000,0,0,0,0,0,0,True,finite
vq_8192_64d_random:seed4,vq_8192_64d_random,4,4,0.01809444,0.0105457,0.023085595370374395,0.003997729689694968,0.00819237317245295,1273.2459781882471,0.54833984375,4492,0.0003,0.0003,1.058979868888855,True,469,469,0,94,94,12000,0,0,0,0,0,0,True,finite
vq_8192_64d_random:seed4,vq_8192_64d_random,4,5,0.01391891,0.0086216,0.019533140352782072,0.003325783588740162,0.006350770445122897,1332.1088604860513,0.5809326171875,4759,0.0003,0.0003,1.0681571960449219,True,469,469,0,94,94,12000,0,0,0,0,0,0,True,finite
vq_8192_64d_random:seed4,vq_8192_64d_random,4,6,0.01249358,0.00778145,0.01860331851754516,0.0032179364768469628,0.004960885828262966,1424.5023591876397,0.6009521484375,4923,0.0003,0.0003,0.744788646697998,False,469,469,0,94,94,12000,0,0,0,0,0,0,True,finite
vq_8192_64d_random:seed4,vq_8192_64d_random,4,7,0.0107018,0.00763626,0.017807427333395732,0.003500300260000688,0.004793379267081593,1358.0123325149546,0.5909423828125,4841,0.0003,0.0003,3.144782304763794,True,469,469,0,94,94,12000,0,0,0,0,0,0,True,finite
vq_8192_64d_random:seed4,vq_8192_64d_random,4,8,0.01017655,0.00575644,0.014346964317641155,0.0020688732187644507,0.0034146271671391163,1472.2494647686765,0.6181640625,5064,0.0003,0.0003,2.4013051986694336,True,469,469,0,94,94,12000,0,0,0,0,0,0,True,finite
vq_8192_64d_random:seed4,vq_8192_64d_random,4,9,0.00833064,0.0057516,0.01395985371515736,0.00223188883506994,0.0036843595540871133,1558.6791958185565,0.6414794921875,5255,0.0003,0.0003,0.9659772515296936,False,469,469,0,94,94,12000,0,0,0,0,0,0,True,finite
vq_8192_64d_random:seed4,vq_8192_64d_random,4,10,0.00749307,0.00504341,0.012715282649427012,0.0019933520681133304,0.0028434305119451816,1550.995575947766,0.660400390625,5410,0.0003,0.0003,0.4447752833366394,False,469,469,0,94,94,12000,0,0,0,0,0,0,True,finite
vq_8192_64d_random:seed4,vq_8192_64d_random,4,11,0.00701001,0.00471343,0.01193496772300248,0.0018775409509871337,0.0027759552278785915,1615.597005071905,0.666015625,5456,0.0003,0.0003,2.0899240970611572,True,469,469,0,94,94,12000,0,0,0,0,0,0,True,finite
vq_8192_64d_random:seed4,vq_8192_64d_random,4,12,0.00661615,0.0049,0.012120685488600527,0.00199206696396801,0.0028612007502230212,1666.8455651057998,0.6719970703125,5505,0.0003,0.0003,1.152838945388794,True,469,469,0,94,94,12000,0,0,0,0,0,0,True,finite
vq_8192_64d_random:seed4,vq_8192_64d_random,4,13,0.00610023,0.00410319,0.010608292304106594,0.0016322246632610035,0.00218570756917047,1734.6662109853248,0.6876220703125,5633,0.0003,0.0003,0.5725095272064209,False,469,469,0,94,94,12000,0,0,0,0,0,0,True,finite
vq_8192_64d_random:seed4,vq_8192_64d_random,4,14,0.00539325,0.00419895,0.01070814280260873,0.0016130692729132018,0.0022413316123625075,1772.579639892723,0.6864013671875,5623,0.0003,0.0003,0.48793911933898926,False,469,469,0,94,94,12000,0,0,0,0,0,0,True,finite
vq_8192_64d_random:seed4,vq_8192_64d_random,4,15,0.00516794,0.00360453,0.00958237331857756,0.0013538721172675337,0.0018178381401061606,1818.241614840597,0.7066650390625,5789,0.0003,0.0003,0.25453972816467285,False,469,469,0,94,94,12000,0,0,0,0,0,0,True,finite
vq_8192_64d_random:seed4,vq_8192_64d_random,4,16,0.00462002,0.00361649,0.009635174248334927,0.001311670357025798,0.0018876566752577056,1868.3681236442485,0.718017578125,5882,0.0003,0.0003,0.23893645405769348,False,469,469,0,94,94,12000,0,0,0,0,0,0,True,finite
vq_8192_64d_random:seed4,vq_8192_64d_random,4,17,0.00427772,0.00351107,0.008941455271945033,0.001444088544506651,0.0019132399188403909,1834.5659692790368,0.7076416015625,5797,0.0003,0.0003,0.12172996252775192,False,469,469,0,94,94,12000,0,0,0,0,0,0,True,finite
vq_8192_64d_random:seed4,vq_8192_64d_random,4,18,0.00454006,0.00570343,0.012748788478932474,0.0035418335958703894,0.003315279207620487,1811.3401553981714,0.7095947265625,5813,0.0003,0.0003,0.33494070172309875,False,469,469,0,94,94,12000,0,0,0,0,0,0,True,finite
vq_8192_64d_random:seed4,vq_8192_64d_random,4,19,0.00452528,0.00325129,0.008228361759567425,0.0012450793813622817,0.0017086797259642783,1861.5289227485944,0.7154541015625,5861,0.0003,0.0003,0.30577826499938965,False,469,469,0,94,94,12000,0,0,0,0,0,0,True,finite
vq_8192_64d_random:seed4,vq_8192_64d_random,4,20,0.00378022,0.00282863,0.007213121546484157,0.0009606198133601647,0.001452181826507242,2022.7181891448722,0.7357177734375,6027,0.0003,0.0003,0.11782443523406982,False,469,469,0,94,94,12000,0,0,0,0,0,0,True,finite
vq_8192_64d_random:seed4,vq_8192_64d_random,4,21,0.00380681,0.00352735,0.008608654247837952,0.0014631394823806175,0.0017949177197264792,1947.459603766206,0.7376708984375,6043,0.0003,0.0003,0.5463578701019287,False,469,469,0,94,94,12000,0,0,0,0,0,0,True,finite
vq_8192_64d_random:seed4,vq_8192_64d_random,4,22,0.00376213,0.00277159,0.007065101151958146,0.0010735669110258806,0.0013651631091990792,2060.626097653431,0.749755859375,6142,0.0003,0.0003,0.1659490317106247,False,469,469,0,94,94,12000,0,0,0,0,0,0,True,finite
vq_8192_64d_random:seed4,vq_8192_64d_random,4,23,0.00325081,0.0028786,0.006835223631187866,0.0011305507790848486,0.0016067537239991066,2055.42257581257,0.752685546875,6166,0.0003,0.0003,0.08369842916727066,False,469,469,0,94,94,12000,0,0,0,0,0,0,True,finite
vq_8192_64d_random:seed4,vq_8192_64d_random,4,24,0.00321802,0.00254565,0.006326300120795378,0.0009544187205685485,0.0012337854833698676,2140.0615935431865,0.7723388671875,6327,0.0003,0.0003,0.19013787806034088,False,469,469,0,94,94,12000,0,0,0,0,0,0,True,finite
vq_8192_64d_random:seed4,vq_8192_64d_random,4,25,0.00315817,0.00273186,0.006661549643779039,0.0012200179785097215,0.0013417556213649708,2107.1924939205783,0.768310546875,6294,0.0003,0.0003,0.10223729908466339,False,469,469,0,94,94,12000,0,0,0,0,0,0,True,finite
vq_8192_64d_random:seed4,vq_8192_64d_random,4,26,0.0032507,0.00322593,0.007932702963358294,0.0011614273316459052,0.0018676545952597285,2116.0107335422576,0.7783203125,6376,0.0003,0.0003,0.13651911914348602,False,469,469,0,94,94,12000,0,0,0,0,0,0,True,finite
vq_8192_64d_random:seed4,vq_8192_64d_random,4,27,0.00302883,0.00240014,0.006187679059002622,0.0007782423387382166,0.00117007311052946,2209.5389572106474,0.7889404296875,6463,0.0003,0.0003,0.08708535879850388,False,469,469,0,94,94,12000,0,0,0,0,0,0,True,finite
vq_8192_64d_random:seed4,vq_8192_64d_random,4,28,0.00300671,0.00253305,0.006181839545622716,0.000924163921181598,0.0012369314319355476,2194.963677395538,0.791259765625,6482,0.0003,0.0003,0.1389150172472,False,469,469,0,94,94,12000,0,0,0,0,0,0,True,finite
vq_8192_64d_random:seed4,vq_8192_64d_random,4,29,0.0028703,0.00255665,0.006057936908895068,0.0009675594701837703,0.0013865172549031117,2186.6868470392637,0.7899169921875,6471,0.0003,0.0003,0.08750749379396439,False,469,469,0,94,94,12000,0,0,0,0,0,0,True,finite
vq_8192_64d_random:seed4,vq_8192_64d_random,4,30,0.00336269,0.00306531,0.007633312151603314,0.0012429021930486473,0.0016409329667644232,2081.739793676923,0.7735595703125,6337,0.0003,0.0003,0.24929474294185638,False,469,469,0,94,94,12000,0,0,0,0,0,0,True,finite
vq_8192_64d_random:seed4,vq_8192_64d_random,4,31,0.00315546,0.00213907,0.005600936329505765,0.0006403110611368287,0.0010434165636317,2238.0955652243438,0.7933349609375,6499,0.0003,0.0003,0.17806102335453033,False,469,469,0,94,94,12000,0,0,0,0,0,0,True,finite
vq_8192_64d_random:seed4,vq_8192_64d_random,4,32,0.00258027,0.00225201,0.005509468518327835,0.000754775703662398,0.0010921065744488316,2243.0657678633193,0.79833984375,6540,0.0003,0.0003,0.09131762385368347,False,469,469,0,94,94,12000,0,0,0,0,0,0,True,finite
vq_8192_64d_random:seed4,vq_8192_64d_random,4,33,0.00253841,0.0021966,0.005346777476826172,0.0007224938215800562,0.0010495075851065293,2299.243997293858,0.8138427734375,6667,0.0003,0.0003,0.09567341208457947,False,469,469,0,94,94,12000,0,0,0,0,0,0,True,finite
vq_8192_64d_random:seed4,vq_8192_64d_random,4,34,0.0026316,0.00271054,0.006345395067891897,0.0010096983503230473,0.0016542990641301787,2249.4829624008225,0.8026123046875,6575,0.0003,0.0003,0.08705063909292221,False,469,469,0,94,94,12000,0,0,0,0,0,0,True,finite
vq_8192_64d_random:seed4,vq_8192_64d_random,4,35,0.00267576,0.00211844,0.005245346622332443,0.0007951037453452704,0.00097361156735634,2220.7929084440107,0.80126953125,6564,0.0003,0.0003,0.09136610478162766,False,469,469,0,94,94,12000,0,0,0,0,0,0,True,finite
vq_8192_64d_random:seed4,vq_8192_64d_random,4,36,0.00291994,0.00233069,0.0056524567966326515,0.0008433337350744354,0.0011813322243971994,2234.169971838374,0.8006591796875,6559,0.0003,0.0003,0.1385224163532257,False,469,469,0,94,94,12000,0,0,0,0,0,0,True,finite
vq_8192_64d_random:seed4,vq_8192_64d_random,4,37,0.00268671,0.00248918,0.006345083603893405,0.0011200254539053378,0.0014588297066951915,2153.8098771507625,0.786865234375,6446,0.0003,0.0003,0.08929221332073212,False,469,469,0,94,94,12000,0,0,0,0,0,0,True,finite
vq_8192_64d_random:seed4,vq_8192_64d_random,4,38,0.00243624,0.00198545,0.004932295412357304,0.0006929335626925519,0.0009603589528982152,2266.9637104324797,0.8026123046875,6575,0.0003,0.0003,0.07438991963863373,False,469,469,0,94,94,12000,0,0,0,0,0,0,True,finite
vq_8192_64d_random:seed4,vq_8192_64d_random,4,39,0.00243345,0.00203665,0.004989162028884633,0.0006465181321165336,0.0010092106453441667,2265.9537730678567,0.8165283203125,6689,0.0003,0.0003,0.07832131534814835,False,469,469,0,94,94,12000,0,0,0,0,0,0,True,finite
vq_8192_64d_random:seed4,vq_8192_64d_random,4,40,0.0023534,0.00208946,0.004845528953130178,0.0007599511261131477,0.0010490366679085474,2293.194445248118,0.812255859375,6654,0.0003,0.0003,0.06966084986925125,False,469,469,0,94,94,12000,0,0,0,0,0,0,True,finite
vq_8192_64d_random:seed4,vq_8192_64d_random,4,41,0.00213476,0.00291337,0.006708703846909642,0.001635833567586924,0.0015627109737637122,2135.784679545957,0.7843017578125,6425,0.0003,0.0003,0.08643706142902374,False,469,469,0,94,94,12000,0,0,0,0,0,0,True,finite
vq_8192_64d_random:seed4,vq_8192_64d_random,4,42,0.00227267,0.00199872,0.0046883068348395115,0.0006321404627224007,0.0010454593612616479,2280.180494520879,0.811279296875,6646,0.0003,0.0003,0.08719265460968018,False,469,469,0,94,94,12000,0,0,0,0,0,0,True,finite
vq_8192_64d_random:seed4,vq_8192_64d_random,4,43,0.0024149,0.0019115,0.004568605210879741,0.0006038210774372312,0.000991924912428048,2350.5215225152783,0.8226318359375,6739,0.0003,0.0003,0.102629154920578,False,469,469,0,94,94,12000,0,0,0,0,0,0,True,finite
vq_8192_64d_random:seed4,vq_8192_64d_random,4,44,0.00213879,0.00188044,0.004407186871472532,0.0005690195361627227,0.0009157152196416215,2371.7604929770887,0.83056640625,6804,0.0003,0.0003,0.07908499240875244,False,469,469,0,94,94,12000,0,0,0,0,0,0,True,finite
vq_8192_64d_random:seed4,vq_8192_64d_random,4,45,0.00202662,0.00177646,0.004198021141130206,0.000550955747595658,0.0008338975419297541,2363.391487296195,0.825927734375,6766,0.0003,0.0003,0.06824978440999985,False,469,469,0,94,94,12000,0,0,0,0,0,0,True,finite
vq_8192_64d_random:seed4,vq_8192_64d_random,4,46,0.0020555,0.00177623,0.004622044712347118,0.0005374526157800568,0.000810190330924222,2383.7211085107156,0.828369140625,6786,0.0003,0.0003,0.11322689056396484,False,469,469,0,94,94,12000,0,0,0,0,0,0,True,finite
vq_8192_64d_random:seed4,vq_8192_64d_random,4,47,0.00190671,0.00164189,0.003925132295490207,0.0004997433421945046,0.0007688847578574682,2364.1776767067167,0.8280029296875,6783,0.0003,0.0003,0.0565025620162487,False,469,469,0,94,94,12000,0,0,0,0,0,0,True,finite
vq_8192_64d_random:seed4,vq_8192_64d_random,4,48,0.00186122,0.0016911,0.00407261805148742,0.0005022170490558884,0.0007713708220810399,2414.9568797761244,0.83447265625,6836,0.0003,0.0003,0.06526489555835724,False,469,469,0,94,94,12000,0,0,0,0,0,0,True,finite
vq_8192_64d_random:seed4,vq_8192_64d_random,4,49,0.00183152,0.00163789,0.003954334803731945,0.00048426790997982,0.0007538378635140908,2454.0661013872973,0.8427734375,6904,0.0003,0.0003,0.0659739151597023,False,469,469,0,94,94,12000,0,0,0,0,0,0,True,finite
vq_8192_64d_random:seed4,vq_8192_64d_random,4,50,0.00180178,0.00176182,0.004154365711203259,0.0006089429331992979,0.0008189204528866965,2393.6538678758466,0.833740234375,6830,0.0003,0.0003,0.0651528388261795,False,469,469,0,94,94,12000,0,0,0,0,0,0,True,finite
vq_8192_64d_random:seed4,vq_8192_64d_random,4,51,0.00174456,0.00170301,0.004221855416813776,0.0005017787474278327,0.0007865160286685018,2396.1228991793505,0.8270263671875,6775,0.0003,0.0003,0.06500781327486038,False,469,469,0,94,94,12000,0,0,0,0,0,0,True,finite
vq_8192_64d_random:seed4,vq_8192_64d_random,4,52,0.00175085,0.00174259,0.004212078073136188,0.0005877464775283629,0.0008203726738017952,2406.0655861266096,0.827880859375,6782,0.0003,0.0003,0.061642248183488846,False,469,469,0,94,94,12000,0,0,0,0,0,0,True,finite
vq_8192_64d_random:seed4,vq_8192_64d_random,4,53,0.00198497,0.00158292,0.0037432348096134516,0.0004802266664076362,0.0007348475038283197,2416.6535857501403,0.8262939453125,6769,0.0003,0.0003,0.11281733959913254,False,469,469,0,94,94,12000,0,0,0,0,0,0,True,finite
vq_8192_64d_random:seed4,vq_8192_64d_random,4,54,0.00165899,0.00153469,0.0036205539242219944,0.0004111429809209021,0.0007085190813098145,2422.7253063080702,0.830810546875,6806,0.0003,0.0003,0.06123696640133858,False,469,469,0,94,94,12000,0,0,0,0,0,0,True,finite
vq_8192_64d_random:seed4,vq_8192_64d_random,4,55,0.00155156,0.00156835,0.00378087160031465,0.00047035175338581053,0.0007085183880333235,2405.682942119479,0.831298828125,6810,0.0003,0.0003,0.05114844813942909,False,469,469,0,94,94,12000,0,0,0,0,0,0,True,finite
vq_8192_64d_random:seed4,vq_8192_64d_random,4,56,0.00157617,0.00166117,0.004036493960796938,0.0004734708942779188,0.0008079328470709364,2426.354467541595,0.833740234375,6830,0.0003,0.0003,0.06108161434531212,False,469,469,0,94,94,12000,0,0,0,0,0,0,True,finite
vq_8192_64d_random:seed4,vq_8192_64d_random,4,57,0.00173085,0.00161985,0.003928324022527695,0.0004980242659755849,0.0007423237077312084,2409.1506859672386,0.8323974609375,6819,0.0003,0.0003,0.07849261164665222,False,469,469,0,94,94,12000,0,0,0,0,0,0,True,finite
vq_8192_64d_random:seed4,vq_8192_64d_random,4,58,0.00157196,0.0015268,0.0037870202201295664,0.0004583097761831038,0.0006902352378818368,2471.566242708796,0.8358154296875,6847,0.0003,0.0003,0.05892376974225044,False,469,469,0,94,94,12000,0,0,0,0,0,0,True,finite
vq_8192_64d_random:seed4,vq_8192_64d_random,4,59,0.00148926,0.00157676,0.0037282958218849515,0.0005224731846648435,0.0007198140226337961,2410.9590195460064,0.8310546875,6808,0.0003,0.0003,0.06268554925918579,False,469,469,0,94,94,12000,0,0,0,0,0,0,True,finite
vq_8192_64d_random:seed4,vq_8192_64d_random,4,60,0.00152095,0.00150082,0.0036139364275527544,0.00045899902155907525,0.0006493209406677657,2486.892797614712,0.832763671875,6822,0.0003,0.0003,0.059211600571870804,False,469,469,0,94,94,12000,0,0,0,0,0,0,True,finite
vq_8192_64d_random:seed4,vq_8192_64d_random,4,61,0.00144127,0.00146746,0.003610681125494095,0.00037679284021974494,0.0006887692716855356,2462.8947076841764,0.8345947265625,6837,0.0003,0.0003,0.053953081369400024,False,469,469,0,94,94,12000,0,0,0,0,0,0,True,finite
vq_8192_64d_random:seed4,vq_8192_64d_random,4,62,0.00172461,0.00149292,0.0037807662927493014,0.000419313815331273,0.0006675290261145825,2444.3970172493873,0.8245849609375,6755,0.0003,0.0003,0.1174708679318428,False,469,469,0,94,94,12000,0,0,0,0,0,0,True,finite
vq_8192_64d_random:seed4,vq_8192_64d_random,4,63,0.00145974,0.00171047,0.004042639813750275,0.0005280926054516705,0.000818227040200116,2447.7107839479067,0.830078125,6800,0.0003,0.00015,0.08321566134691238,False,469,469,0,94,94,12000,0,0,0,0,0,0,True,finite
vq_8192_64d_random:seed4,vq_8192_64d_random,4,64,0.00114615,0.00126403,0.003184663769588357,0.00028698842364961285,0.0005067586803070759,2492.2113560622183,0.83447265625,6836,0.00015,0.00015,0.054392118006944656,False,469,469,0,94,94,12000,0,0,0,0,0,0,True,finite
vq_8192_64d_random:seed4,vq_8192_64d_random,4,65,0.00097276,0.00121354,0.003100908001729192,0.00026898710009591045,0.0004970414739086457,2508.975547637162,0.8348388671875,6839,0.00015,0.00015,0.02714080922305584,False,469,469,0,94,94,12000,0,0,0,0,0,0,True,finite
vq_8192_64d_random:seed4,vq_8192_64d_random,4,66,0.00097194,0.0012932,0.0032332431680180663,0.00034000057472978126,0.0005241616618430161,2501.0305092580084,0.834716796875,6838,0.00015,0.00015,0.04231186956167221,False,469,469,0,94,94,12000,0,0,0,0,0,0,True,finite
vq_8192_64d_random:seed4,vq_8192_64d_random,4,67,0.00107458,0.00133796,0.0034218347506603797,0.00036444144803664095,0.0005276107426636267,2525.200317454816,0.8389892578125,6873,0.00015,0.00015,0.0667085200548172,False,469,469,0,94,94,12000,0,0,0,0,0,0,True,finite
vq_8192_64d_random:seed4,vq_8192_64d_random,4,68,0.0012429,0.00129827,0.0033279912453042576,0.00032919407227822723,0.0005296771987792755,2530.8385844133377,0.83984375,6880,0.00015,0.00015,0.11245281249284744,False,469,469,0,94,94,12000,0,0,0,0,0,0,True,finite
vq_8192_64d_random:seed4,vq_8192_64d_random,4,69,0.00100402,0.00124959,0.0030805738901899075,0.0003092182167307453,0.0005001540550206382,2523.118346014315,0.8387451171875,6871,0.00015,0.00015,0.038069892674684525,False,469,469,0,94,94,12000,0,0,0,0,0,0,True,finite
vq_8192_64d_random:seed4,vq_8192_64d_random,4,70,0.00098893,0.00122422,0.002963215282855823,0.0003144579096504044,0.0005010442058829525,2499.608398778617,0.8363037109375,6851,0.00015,0.00015,0.04936069995164871,False,469,469,0,94,94,12000,0,0,0,0,0,0,True,finite
vq_8192_64d_random:seed4,vq_8192_64d_random,4,71,0.00093641,0.00124406,0.003180698215646565,0.00030086387962236145,0.0005048472402432296,2490.521187517595,0.8260498046875,6767,0.00015,0.00015,0.04462447389960289,False,469,469,0,94,94,12000,0,0,0,0,0,0,True,finite
vq_8192_64d_random:seed4,vq_8192_64d_random,4,72,0.00093884,0.00122951,0.0029636640531324867,0.00030006687747129927,0.0005059286189548455,2579.3517293266605,0.8392333984375,6875,0.00015,0.00015,0.030645189806818962,False,469,469,0,94,94,12000,0,0,0,0,0,0,True,finite
vq_8192_64d_random:seed4,vq_8192_64d_random,4,73,0.00093877,0.00126936,0.0031786647316221356,0.0003317960614078437,0.000497871085679056,2530.069013400567,0.8343505859375,6835,0.00015,0.00015,0.04625660181045532,False,469,469,0,94,94,12000,0,0,0,0,0,0,True,finite
vq_8192_64d_random:seed4,vq_8192_64d_random,4,74,0.00091894,0.00122252,0.003075644354992737,0.0002927401206364496,0.00048377275640299914,2603.7623282181576,0.844970703125,6922,0.00015,0.00015,0.03486178070306778,False,469,469,0,94,94,12000,0,0,0,0,0,0,True,finite
vq_8192_64d_random:seed4,vq_8192_64d_random,4,75,0.00090654,0.00124793,0.0031289906973757864,0.0003189579800992314,0.0004893416469302937,2577.9399830761804,0.8365478515625,6853,0.00015,0.00015,0.032347068190574646,False,469,469,0,94,94,12000,0,0,0,0,0,0,True,finite
vq_8192_64d_random:seed4,vq_8192_64d_random,4,76,0.00095809,0.00121443,0.0029842075532405,0.0002773632569014324,0.0004926221523170342,2597.3385363074676,0.8419189453125,6897,0.00015,0.00015,0.04896723851561546,False,469,469,0,94,94,12000,0,0,0,0,0,0,True,finite
vq_8192_64d_random:seed4,vq_8192_64d_random,4,77,0.00091094,0.00125761,0.0030823635392233325,0.00031789398415575654,0.0004939417840868519,2595.249174091593,0.8392333984375,6875,0.00015,0.00015,0.041857775300741196,False,469,469,0,94,94,12000,0,0,0,0,0,0,True,finite
vq_8192_64d_random:seed4,vq_8192_64d_random,4,78,0.00088872,0.00126766,0.0031705871351165003,0.0003155535278301438,0.0004917835427185775,2587.693083435605,0.8387451171875,6871,0.00015,0.00015,0.03450847789645195,False,469,469,0,94,94,12000,0,0,0,0,0,0,True,finite
vq_8192_64d_random:seed4,vq_8192_64d_random,4,79,0.00086638,0.00123678,0.0030595487042681118,0.0003011021568078074,0.0005026367532078412,2611.2341958318307,0.8433837890625,6909,0.00015,7.5e-05,0.04182441160082817,False,469,469,0,94,94,12000,0,0,0,0,0,0,True,finite
vq_8192_64d_random:seed4,vq_8192_64d_random,4,80,0.00073277,0.00113632,0.002910446022554889,0.00024118515395915731,0.0004266413075137704,2645.3673397672155,0.844970703125,6922,7.5e-05,7.5e-05,0.022571705281734467,False,469,469,0,94,94,12000,0,0,0,0,0,0,True,finite
vq_8192_64d_random:seed4,vq_8192_64d_random,4,81,0.0006813,0.00112615,0.0028255922282562746,0.00023318045751981938,0.0004238843526804443,2631.2759240621695,0.8409423828125,6889,7.5e-05,7.5e-05,0.0208900049328804,False,469,469,0,94,94,12000,0,0,0,0,0,0,True,finite
vq_8192_64d_random:seed4,vq_8192_64d_random,4,82,0.00066434,0.0011443,0.002876164678580677,0.00023958423132578282,0.0004369043566434847,2629.221061911753,0.8414306640625,6893,7.5e-05,7.5e-05,0.0177967119961977,False,469,469,0,94,94,12000,0,0,0,0,0,0,True,finite
vq_8192_64d_random:seed4,vq_8192_64d_random,4,83,0.00066622,0.00112678,0.0028052672235330273,0.00023549116548205333,0.0004349043895855975,2648.2753635303393,0.84130859375,6892,7.5e-05,7.5e-05,0.02408178150653839,False,469,469,0,94,94,12000,0,0,0,0,0,0,True,finite
vq_8192_64d_random:seed4,vq_8192_64d_random,4,84,0.00067195,0.00113809,0.002881087349463752,0.00023551607755356281,0.00043063740114244347,2625.8114298488363,0.8406982421875,6887,7.5e-05,7.5e-05,0.02973775938153267,False,469,469,0,94,94,12000,0,0,0,0,0,0,True,finite
vq_8192_64d_random:seed4,vq_8192_64d_random,4,85,0.00064413,0.00113361,0.002861763677158805,0.00023185493831251103,0.00042977622720073705,2623.4789204849494,0.836181640625,6850,7.5e-05,7.5e-05,0.020661083981394768,False,469,469,0,94,94,12000,0,0,0,0,0,0,True,finite
vq_8192_64d_random:seed4,vq_8192_64d_random,4,86,0.00065457,0.00113185,0.002912199596861087,0.00022192552662083625,0.00042139209043299625,2662.911388421041,0.8426513671875,6903,7.5e-05,7.5e-05,0.02830314077436924,False,469,469,0,94,94,12000,0,0,0,0,0,0,True,finite
vq_8192_64d_random:seed4,vq_8192_64d_random,4,87,0.00062894,0.00113718,0.0029440787341837985,0.0002282326614927079,0.0004258044553210402,2637.0022447083716,0.8426513671875,6903,7.5e-05,7.5e-05,0.01957603730261326,False,469,469,0,94,94,12000,0,0,0,0,0,0,True,finite
vq_8192_64d_random:seed4,vq_8192_64d_random,4,88,0.00061992,0.00114122,0.0029193768118587595,0.0002254975989453332,0.00042955026993403325,2636.786813582736,0.839111328125,6874,7.5e-05,7.5e-05,0.020354531705379486,False,469,469,0,94,94,12000,0,0,0,0,0,0,True,finite
vq_8192_64d_random:seed4,vq_8192_64d_random,4,89,0.00065809,0.00116965,0.002935641306289649,0.0002506071636951935,0.000438123258279215,2619.72908876147,0.83642578125,6852,7.5e-05,7.5e-05,0.04134586080908775,False,469,469,0,94,94,12000,0,0,0,0,0,0,True,finite
vq_8192_64d_random:seed4,vq_8192_64d_random,4,90,0.00061308,0.00114433,0.0029136907532276166,0.00023407268953691456,0.0004296770723033524,2655.5916445134358,0.83837890625,6868,7.5e-05,7.5e-05,0.02038685232400894,False,469,469,0,94,94,12000,0,0,0,0,0,0,True,finite
vq_8192_64d_random:seed4,vq_8192_64d_random,4,91,0.00059486,0.00113896,0.002875702227776086,0.00023325508377010994,0.0004376618362011329,2645.6253345698556,0.8380126953125,6865,7.5e-05,7.5e-05,0.022504910826683044,False,469,469,0,94,94,12000,0,0,0,0,0,0,True,finite
vq_8192_64d_random:seed4,vq_8192_64d_random,4,92,0.00059825,0.00112309,0.0028632372301360923,0.00023088398467567553,0.0004217997897257822,2653.920631225984,0.8389892578125,6873,7.5e-05,3.75e-05,0.02714904583990574,False,469,469,0,94,94,12000,0,0,0,0,0,0,True,finite
vq_8192_64d_random:seed4,vq_8192_64d_random,4,93,0.0005451,0.00110034,0.0028117994481691787,0.00021735447011116132,0.0004044206405466249,2701.606558192479,0.841552734375,6894,3.75e-05,3.75e-05,0.018640102818608284,False,469,469,0,94,94,12000,0,0,0,0,0,0,True,finite
vq_8192_64d_random:seed4,vq_8192_64d_random,4,94,0.00053064,0.00109612,0.002797000482687583,0.00022264507764833217,0.0003978995926899271,2663.086992784532,0.8359375,6848,3.75e-05,3.75e-05,0.030286327004432678,False,469,469,0,94,94,12000,0,0,0,0,0,0,True,finite
vq_8192_64d_random:seed4,vq_8192_64d_random,4,95,0.00052234,0.00109543,0.0028109190780938828,0.00021618034114931852,0.00040273170567685677,2670.467349874416,0.8372802734375,6859,3.75e-05,3.75e-05,0.018509916961193085,False,469,469,0,94,94,12000,0,0,0,0,0,0,True,finite
vq_8192_64d_random:seed4,vq_8192_64d_random,4,96,0.00051932,0.00110615,0.0028343302924545683,0.00021522513329799679,0.00040245786983031444,2669.287745890455,0.8359375,6848,3.75e-05,3.75e-05,0.015734244138002396,False,469,469,0,94,94,12000,0,0,0,0,0,0,True,finite
vq_8192_64d_random:seed4,vq_8192_64d_random,4,97,0.00051231,0.00109029,0.002802272524382564,0.00020833371499128075,0.00039633133478274735,2659.8072120549677,0.83203125,6816,3.75e-05,3.75e-05,0.01554679125547409,False,469,469,0,94,94,12000,0,0,0,0,0,0,True,finite
vq_8192_64d_random:seed4,vq_8192_64d_random,4,98,0.00050806,0.00109068,0.0028161028767104824,0.0002080674929901915,0.0003925329826919914,2675.365895150659,0.8382568359375,6867,3.75e-05,3.75e-05,0.014903493225574493,False,469,469,0,94,94,12000,0,0,0,0,0,0,True,finite
vq_8192_64d_random:seed4,vq_8192_64d_random,4,99,0.00050877,0.00113244,0.002850766937211031,0.0002306795485118984,0.00042675945639313777,2613.2320900374284,0.8258056640625,6765,3.75e-05,3.75e-05,0.02941637858748436,False,469,469,0,94,94,12000,0,0,0,0,0,0,True,finite
